Player-Week,Player-year,Player-all-time,team-week,team-year,team-all-time,league-week,league-year,league-all-time,add_drops,player_additions,trades,non_rookie_picks,rookie_picks,Formulas
Player,Player,Player,Team,Team,Team,Year,Year,PF,Team,Player,Team,Year,Year,Stat
Team,Year,Top team,Week,Year,All time win %,Week Name,(smallest) Playoff tiebreaker,Avg PF,Player Added,Team,Team's traded with 1,Number,Number,Sheet
Year,Top Team,Last team,Week Name,Result,Regular season record,Week,PF,PF Range,Player Dropped,Addition type,Team's traded with 2,Player Picked,Player Picked,Formula
Week,Last team,Number of teams,Year,Win %,Regular season win %,PF,Avg PF,Avg margin,type of add/drop (waiver/free agency),Date,Assets received,Team,Team,Notes
Week Name,Rookie?,Taxi-eligible,Opponent,Regular season record,Playoff record,Avg margin,Avg margin,Margin range,Date,Link to addition,Assets sent,Original Team,Original Team,
Starter/Bench,Age,Points,Win?,Regular season win %,Playoff win %,Margin range,Margin range,Number of games within 10,Season,Season,Number of assets received,Number of starts before next transaction,Number of starts before next transaction,
Position started in (if starter),Points,Points (full career),Margin,All-play win %,Toilet bowl record,Number of games within 10,Number of games within 10,Number of games within 5,Date dropped/traded,Date dropped/traded,Number of assets traded away,Number of trades,Number of trades,
Position,Points (full season),Avg points,UPST,All-play win % minus Win %,Toilet bowl win %,Number of games within 5,Number of games within 5,UPST,Faab,Number of starts before next drop,Total number of assets in trade,Commissioner moved?,Commissioner moved?,
Rookie?,Avg points,Avg points adjusted by position,PF,Record,Third place game record,UPST,UPST,Max PF,Total FAAB bid,Number of times added by this team,Date,Avg PPG on team,Avg PPG on team,
Age,Avg points adjusted by position,Avg points (full career),Points against,Win Variance,Toilet losers game record,PF Range,PF Range,Avg max PF,FAAB difference over second place,Number of times dropped by this team,Season,Avg PPG on team adjusted by position,Avg PPG on team adjusted by position,
NFL team,Avg points (full season),Avg points (full career) adjusted by position,Max PF,Week of playoff elimination,All time record,Max PF,Max PF,Efficiency,FAAB premium %,Tenure (days),Trade impact score,Pick-adjusted Difference in Avg PPG on team adjusted by position,Pick-adjusted Difference in Avg PPG on team adjusted by position,
Points,Avg points (full season) adjusted by position,Adjusted Avg points,Efficiency,Differential,Championships,Efficiency,Avg max PF,Highest starter score,Number of bids,Tenure (NFL weeks),Wins added,Avg career PPG,Avg career PPG,
% of points (if starter),Adjusted Avg points,Adjusted Avg points adjusted by position,Lineup Boldness,Avg differential,Number of playoff appearances,Increase in points from previous week,Efficiency,Lowest starter score,Number of starts before next drop,Games played on team,Wins added per season,Avg career PPG adjusted by position,Avg career PPG adjusted by position,
Positional scoring percentile,Adjusted Avg points adjusted by position,Times as Player of the week?,Points from QBs,Record vs playoff teams,Number of championship appearances,Highest starter score,Increase in points from previous week,Number of QB started,Number of times picked up by this team,Injured weeks on team,Pick value received,Pick-adjusted Difference in Avg career PPG adjusted by position,Pick-adjusted Difference in Avg career PPG adjusted by position,
Difference from best startable bench (if starter),Times as Player of the week?,Times as QB of the week?,Points from WRs,Win % vs playoff teams,Number of last place finishes,Lowest starter score,Highest starter score,Number of WR started,Number of times dropped by this team,Bench weeks on team,Assets retained now,Player addition value,Player addition value,
Difference from worst benchable starter (if bench),Times as QB of the week?,Times as RB of the week?,Points from TEs,Record vs non-playoff teams,Win Variance,Number of QB started,Lowest starter score,Number of RB started,Average PPG on team,Healthy bench weeks on team,Assets traded away,Pick-adjusted Difference in Player addition value,Pick-adjusted Difference in Player addition value,
Reference player name,Times as RB of the week?,Times as WR of the week?,Points from RBs,Win % vs non-playoff teams,Differential,Number of WR started,Number of QB started,Number of TE started,Average PPG on team adjusted by position,% of starts made while rostered,Assets dropped to FA,% of starts made while rostered by drafting team,% of starts made while rostered by drafting team,
Difference in averages of best/worst startables over previous 5 games,Times as WR of the week?,Times as TE of the week?,% of points from QBs,Record vs champion,Avg differential,Number of RB started,Number of WR started,Points per QB started,Average PPG of dropped player over same time,Injury adjusted % of starts made while rostered,Return from trades,Points added,Points added,
Difference in averages of best/worst startables over previous 5 games adjusted by position,Times as TE of the week?,Times as Benchwarmer of the week?,% of points from WRs,Win % vs champion,All-play win %,Number of TE started,Number of RB started,Points per WR started,Average PPG of dropped player over same time adjusted by position,Avg PPG on team,Additional assets traded away in those deals,Avg points added,Avg points added,
Cuff adjusted difference,Times as Benchwarmer of the week?,Times as Bench QB of the week?,% of points from TEs,Record vs last place,All-play win % minus Win %,Points per QB started,Number of TE started,Points per RB started,PPG of 5 games before pickup,Avg PPG on team adjusted by position,Return from trades of trades...of trades. Keep going until present day,Avg points added adjusted by position,Avg points added adjusted by position,
Cuff adjusted difference adjusted by position,Times as Bench QB of the week?,Times as Bench RB of the week?,% of points from RBs,Win % vs last place,Playoff PF minus regular-season PF,Points per WR started,Points per QB started,Points per TE started,PPG of 5 games before pickup adjusted by position,Avg points per rostered week on team,Avg PPG of received players on team,Pick-adjusted Difference in Avg points added adjusted by position,Pick-adjusted Difference in Avg points added adjusted by position,
Boldness,Times as Bench RB of the week?,Times as Bench WR of the week?,Difference in pregame avg max PF from opponent,Points,Playoff win % minus regular-season win %,Points per RB started,Points per WR started,Number of QB rostered,Difference of averages,Avg points per rostered week on team adjusted by position,Avg PPG of received players on team adjusted by position,O-Score,O-Score,
Player of the week?,Times as Bench WR of the week?,Times as Bench TE of the week?,Increase in points from previous week,Avg points,Regular-season points,Points per TE started,Points per RB started,Number of WR rostered,Difference of averages adjusted by position,Points added,Avg PPG of sent players over same time,Age when drafted,Age when drafted,
QB of the week?,Times as Bench TE of the week?,Times as Highest starter on team?,Increase in efficiency from previous week,Points against,Playoff points,Number of QB rostered,Points per TE started,Number of RB rostered,Player addition value,Bench points on team,Avg PPG of sent players over same time adjusted by position,Cuff when drafted?,Cuff when drafted?,
RB of the week?,Times as Highest starter on team?,Times as Lowest starter on team?,Brosenzweig,Avg points against,Highest Win % vs a team,Number of WR rostered,Number of QB rostered,Number of TE rostered,Wins added,PPG bench on team,Avg PPG of received players in 5 games before trade,Tanking,Tanking,
WR of the week?,Times as Lowest starter on team?,Times as Captain?,Sisenzweig,Max PF,Team for highest Win %,Number of RB rostered,Number of WR rostered,Most number of players started from same NFL team,Wins added per season,PPG bench on team adjusted by position,Avg PPG of received players in 5 games before trade adjusted by position,Injury adjusted % of starts made while rostered by drafting team,Injury adjusted % of starts made while rostered by drafting team,
TE of the week?,Times as Captain?,Number of Add/Drops,Highest score?,Avg max PF,Lowest Win % vs a team,Number of TE rostered,Number of RB rostered,Most number of players rostered from same NFL team,% of starts made while rostered,Adjusted PPG bench on team,Difference of averages,KTC on draft day,KTC on draft day,
Benchwarmer of the week?,Number of teams,Number of drops,Lowest score?,Efficiency,Team for lowest Win %,Most number of players started from same NFL team,Number of TE rostered,Most number of QBs started from same NFL team,Points Added,Adjusted PPG bench on team adjusted by position,Difference of averages adjusted by position,Pick-adjusted Difference in KTC on draft day,Pick-adjusted Difference in KTC on draft day,
Bench QB of the week?,Number of Add/Drops,Number of trades,Narrowest victory?,Lineup Boldness,Win % vs playoff teams,Most number of players rostered from same NFL team,Most number of players started from same NFL team,Most number of QBs rostered from same NFL team,Points Lost,Avg points added,Trade addition value,KTC at end of rookie year,KTC at end of rookie year,
Bench RB of the week?,Number of drops,Starter scoring volatility,Largest blowout?,Points from QBs,Win % vs non-playoff teams,Most number of QBs started from same NFL team,Most number of players rostered from same NFL team,Most number of RBs started from same NFL team,Net points,Avg points added adjusted by position,Points added,Pick-adjusted Difference in KTC at end of rookie year,Pick-adjusted Difference in KTC at end of rookie year,
Bench WR of the week?,Number of trades,Starter scoring floor,Most efficient?,Points from WRs,Win % vs champions,Most number of QBs rostered from same NFL team,Most number of QBs started from same NFL team,Most number of RBs rostered from same NFL team,Avg points added,Adjusted Avg points added,Points lost,KTC 1 year after draft day,KTC 1 year after draft day,
Bench TE of the week?,Starter scoring volatility,Starter scoring ceiling,Least efficient?,Points from TEs,Win % vs last place,Most number of RBs started from same NFL team,Most number of QBs rostered from same NFL team,Most number of WR started from same NFL team,Avg points lost,Adjusted Avg points added adjusted by position,Net points,Pick-adjusted Difference in KTC 1 year after draft day,Pick-adjusted Difference in KTC 1 year after draft day,
Highest starter on team?,Starter scoring floor,Starter boom %,Top half of league?,Points from RBs,Record vs playoff teams,Most number of RBs rostered from same NFL team,Most number of RBs started from same NFL team,Most number of WR rostered from same NFL team,Avg net points,Avg points added per rostered week,Avg points added,KTC 2 years after draft day,KTC 2 years after draft day,
Lowest starter on team?,Starter scoring ceiling,Starter bust %,One-man army?,% of points from QBs,Record vs non-playoff teams,Most number of WR started from same NFL team,Most number of RBs rostered from same NFL team,Most number of TE started from same NFL team,Avg points added adjusted by position,Avg points added per rostered week adjusted by position,Avg points lost,Pick-adjusted Difference in KTC 2 years after draft day,Pick-adjusted Difference in KTC 2 years after draft day,
Captain?,Starter boom %,Starter upper quartile %,Most bench points?,% of points from WRs,Record vs champions,Most number of WR rostered from same NFL team,Most number of WR started from same NFL team,Most number of TE rostered from same NFL team,Avg points lost adjusted by position,Adjusted Avg points added per rostered week,Avg net points,KTC 3 years after draft day,KTC 3 years after draft day,
Player of the week streak,Starter bust %,Starter middle 50% %,Most injured?,% of points from TEs,Record vs last place,Most number of TE started from same NFL team,Most number of WR rostered from same NFL team,Number of NFL teams among starting players,Avg net points adjusted by position,Adjusted Avg points added per rostered week adjusted by position,Avg points added adjusted by position,Pick-adjusted Difference in KTC 3 years after draft day,Pick-adjusted Difference in KTC 3 years after draft day,
QB of the week streak,Starter upper quartile %,Starter lower quartile %,Win streak,% of points from RBs,Points,Most number of TE rostered from same NFL team,Most number of TE started from same NFL team,Number of NFL teams among rostered players,Dropped avg points,PPG of 5 games before pickup,Avg points lost adjusted by position,KTC 4 years after draft day,KTC 4 years after draft day,
RB of the week streak,Starter middle 50% %,Starter PAR,Loss streak,Drafting skill,Avg points,Number of NFL teams among starting players,Most number of TE rostered from same NFL team,Stacks,Dropped avg points adjusted by position,PPG of 5 games before pickup adjusted by position,Avg net points adjusted by position,Pick-adjusted Difference in KTC 4 years after draft day,Pick-adjusted Difference in KTC 4 years after draft day,
WR of the week streak,Starter lower quartile %,Starter PAR per game,Win streak counting previous season,Trading skill,Points against,Number of NFL teams among rostered players,Number of NFL teams among starting players,Number of rookies started,Dropped total points,Player addition value,O-Score,Length of tenure on team,Length of tenure on team,
TE of the week streak,Starter PAR,Starter PAR per game adjusted by position,Loss streak counting previous season,Add/Drop skill,Avg points against,Stacks,Number of NFL teams among rostered players,Number of rookies rostered,O-Score,Age at pickup,Asset difference in average age,Weeks before first start,Weeks before first start,
Benchwarmer of the week streak,Starter PAR per game,Rostered scoring volatility,Highest score streak,Times Brosenzweig,Max PF,Number of rookies started,Stacks,% of players drafted,Age difference,Cuff at pickup?,Number of teams involved,Link to next transaction,Link to next transaction,
Bench QB of the week streak,Starter PAR per game adjusted by position,Rostered scoring floor,Lowest score streak,Times Sisenzweig,Avg max PF,Number of rookies rostered,Number of rookies started,% of 3rd year+ players drafted,Cuff at time of pickup?,Tanking,Tanking,Link to previous transaction,Link to previous transaction,
Bench RB of the week streak,Rostered scoring volatility,Rostered scoring ceiling,Narrowest victory streak,Times Highest score?,Efficiency,% of players drafted,Number of rookies rostered,Player average age,Tanking,KTC at pickup,KTC value difference at deal time,,,
Bench WR of the week streak,Rostered scoring floor,Rostered boom %,Largest blowout streak,Times Lowest score?,Lineup Boldness,% of 3rd year+ players drafted,% of players drafted,Team age including picks,Injury adjusted % of starts made while rostered,KTC at end of season,KTC value difference at end of season,,,
Bench TE of the week streak,Rostered scoring ceiling,Rostered bust %,Most efficient streak,Times Narrowest victory?,Points from QBs,Player average age,% of 3rd year+ players drafted,Difference between highest and lowest starters,KTC value of player added at deal time,KTC 1 year after pickup,KTC value difference 1 year later,,,
Highest starter on team streak,Rostered boom %,Rostered upper quartile %,Least efficient streak,Times Largest blowout?,Points from WRs,Team age including picks,Player average age,Donuts (roster),KTC value of player dropped at deal time,KTC 2 years after pickup,KTC value difference 2 years later,,,
Lowest starter on team streak,Rostered bust %,Rostered middle 50% %,Top half streak,Times Most efficient?,Points from TEs,Difference between highest and lowest starters,Team age including picks,Donuts (starters),Net KTC value at deal time,KTC 3 years after pickup,Link to next transaction per asset,,,
Captain streak,Rostered upper quartile %,Rostered lower quartile %,One-man army streak,Times Least efficient?,Points from RBs,Donuts (roster),Difference between highest and lowest starters,Players under 10 pts (roster),KTC value of player added at end of season,KTC 4 years after pickup,Link to previous transaction per asset,,,
10+ point streak,Rostered middle 50% %,Rostered consistency percentile,Most bench points streak,Times Top half of league?,% of points from QBs,Donuts (starters),Donuts (roster),Players over 20 pts (roster),KTC value of player added 1 year later,KTC change by end of season,Change in pick value at draft time,,,
20+ point streak,Rostered lower quartile %,Rostered floor percentile,Bottom half streak,Times One-man army?,% of points from WRs,Players under 10 pts (roster),Donuts (starters),Players over 30 pts (roster),KTC value of player added 2 years later,KTC change 1 year after pickup,,,,
30+ point streak,Rostered consistency percentile,Rostered ceiling percentile,150+ PF streak,Times Most bench points?,% of points from TEs,Players over 20 pts (roster),Players under 10 pts (roster),Players over 40 pts (roster),KTC value of player dropped at end of season,KTC change 2 years after pickup,,,,
40+ point streak,Rostered floor percentile,Consistency percentile,Standings leader streak,Times Most injured?,% of points from RBs,Players over 30 pts (roster),Players over 20 pts (roster),Players over 50 pts (roster),KTC value of player dropped 1 year later,KTC change 3 years after pickup,,,,
50+ point streak,Rostered ceiling percentile,Floor percentile,Quiet streak,Playoff appearance streak,Drafting skill,Players over 40 pts (roster),Players over 30 pts (roster),% of starters boom,KTC value of player dropped 2 years later,KTC change 4 years after pickup,,,,
Starter boom streak,Consistency percentile,Ceiling percentile,Win streak vs this opponent,Winning season streak,Trading skill,Players over 50 pts (roster),Players over 40 pts (roster),% of starters upper quartile,Net KTC value at end of season,Weeks between pickup and start,,,,
Starter upper quartile streak,Floor percentile,Weeks missed due to injury,Most injured streak,Average weekly starter turnover,Add/Drop skill,% of starters boom,Players over 50 pts (roster),% of starters middle 50%,Net KTC value 1 year later,Link to next transaction,,,,
Starter middle 50% streak,Ceiling percentile,Weeks missed due to suspension,Number of QB started,Average weekly roster turnover,Times Brosenzweig,% of starters upper quartile,% of starters boom,% of starters lower quartile,Net KTC value 2 years later,,,,,
Starter lower quartile streak,Weeks missed due to injury,Weeks as starter,Number of WR started,Number of QB started,Times Sisenzweig,% of starters middle 50%,% of starters upper quartile,% of starters bust,Weeks between pickup and start,,,,,
Starter bust streak,Weeks missed due to suspension,Weeks on bench,Number of RB started,Number of WR started,Times Highest score?,% of starters lower quartile,% of starters middle 50%,Number of cuffs rostered,Length of tenure on team,,,,,
Rostered boom streak,Weeks as starter,Healthy weeks on bench,Number of TE started,Number of RB started,Times Lowest score?,% of starters bust,% of starters lower quartile,Number of cuffs started,Link to next transaction (added player),,,,,
Rostered upper quartile streak,Weeks on bench,Weeks rostered,Number of QB rostered,Number of TE started,Times Narrowest victory?,Number of cuffs rostered,% of starters bust,Startup draft players remaining,Link to previous transaction (added player),,,,,
Rostered middle 50% streak,Healthy weeks on bench,Healthy weeks rostered,Number of WR rostered,Number of QB rostered,Times Largest blowout?,Number of cuffs started,Number of cuffs rostered,Number of weeks missed due to injury,Link to next transaction (dropped player),,,,,
Rostered lower quartile streak,Weeks rostered,% of starts,Number of RB rostered,Number of WR rostered,Times Most efficient?,Startup draft players remaining,Number of cuffs started,Number of weeks missed due to suspensions,Link to previous transaction (dropped player),,,,,
Rostered bust streak,Healthy weeks rostered,Healthy % of starts,Number of TE rostered,Number of RB rostered,Times Least efficient?,Number of Injuries,Startup draft players remaining,Number of Add/Drops,,,,,,
Injury?,% of starts,Win % as starter,Most number of players started from same NFL team,Number of TE rostered,Times Top half of league?,Number of suspensions,Number of weeks missed due to injury,Number of waiver adds,,,,,,
Suspension?,Healthy % of starts,Win % while rostered,Most number of players rostered from same NFL team,Most number of players started from same NFL team,Times One-man army?,Number of players on bye,Number of weeks missed due to suspensions,Number of free agency adds,,,,,,
Bye?,Win % as starter,Championships rostered by,Most number of QBs started from same NFL team,Most number of players rostered from same NFL team,Times Most bench points?,Hardship,Inseason starter turnover,Number of pure drops,,,,,,
Change from previous week,Win % while rostered,Championships started by,Most number of QBs rostered from same NFL team,Most number of QBs started from same NFL team,Times Most injured?,Starter-adjusted Hardship,Offseason starter turnover,Offseason trades,,,,,,
Change from previous 5 weeks avg,Rostered by champion?,Championships started in,Most number of RBs started from same NFL team,Most number of QBs rostered from same NFL team,Average weekly starter turnover,Starter turnover from previous week,Inseason roster turnover,Inseason trades,,,,,,
Change from career average to that point,Started by champion?,Total points as starter,Most number of RBs rostered from same NFL team,Most number of RBs started from same NFL team,Average weekly roster turnover,Number of Add/Drops,Offseason roster turnover,Total trades,,,,,,
Change from overall career average,Started in championship game?,Total points on bench,Most number of WR started from same NFL team,Most number of RBs rostered from same NFL team,Number of QB started,Number of waiver adds,Number of Add/Drops,Total transactions,,,,,,
Number of weeks on team,Total points as starter,% of league points,Most number of WR rostered from same NFL team,Most number of WR started from same NFL team,Number of WR started,Number of free agency adds,Number of waiver adds,Amount of FAAB spent,,,,,,
Number of consecutive weeks on bench before start (if starter),Total points on bench,PPG starter,Most number of TE started from same NFL team,Most number of WR rostered from same NFL team,Number of RB started,Number of pure drops,Number of free agency adds,,,,,,,
Number of consecutive weeks on bench before start excluding injury/bye (if starter),% of league points,PPG starter adjusted by position,Most number of TE rostered from same NFL team,Most number of TE started from same NFL team,Number of TE started,Number of trades,Number of pure drops,,,,,,,
Total weeks as team starter,Change in points from previous season,Adjusted PPG starter,Number of NFL teams among starting players,Most number of TE rostered from same NFL team,Number of QB rostered,Total transactions,Offseason trades,,,,,,,
Total weeks as team starter this season,Change in avg points from previous season,Adjusted PPG starter adjusted by position,Number of NFL teams among rostered players,Number of NFL teams among starting players,Number of WR rostered,Amount of FAAB spent,Inseason trades,,,,,,,
Weeks rostered by this team,Change in avg points from previous season adjusted by position,PPG starter per rostered week,Stacks,Number of NFL teams among rostered players,Number of RB rostered,,Total trades,,,,,,,
Weeks rostered by this team this season,Change in points from career,PPG starter per rostered week adjusted by position,Number of rookies started,Stacks,Number of TE rostered,,Total transactions,,,,,,,
% of starts on team,Change in avg points from career,Adjusted PPG starter per rostered week,Number of rookies rostered,Number of rookies started,Most number of players started from same NFL team,,Amount of FAAB spent,,,,,,,
% of starts on team this season,Change in avg points from career adjusted by position,Adjusted PPG starter per rostered week adjusted by position,% of players drafted,Number of rookies rostered,Most number of players rostered from same NFL team,,,,,,,,,
% of team points on team,PPG starter,PPG bench,% of 3rd year+ players drafted,% of players drafted,Most number of QBs started from same NFL team,,,,,,,,,
% of team points on team this season,PPG starter adjusted by position,PPG bench adjusted by position,Player average age,% of 3rd year+ players drafted,Most number of QBs rostered from same NFL team,,,,,,,,,
Total points as team starter,Adjusted PPG starter,Adjusted PPG bench,Team age including picks,Player average age,Most number of RBs started from same NFL team,,,,,,,,,
Total points as team starter this season,Adjusted PPG starter adjusted by position,Adjusted PPG bench adjusted by position,Difference between highest and lowest starters,Team age including picks,Most number of RBs rostered from same NFL team,,,,,,,,,
PPG as team starter,PPG starter per rostered week,PPG starter vs bench diff,Donuts (roster),Difference between highest and lowest starters,Most number of WR started from same NFL team,,,,,,,,,
PPG as team starter adjusted by position,PPG starter per rostered week adjusted by position,PPG starter vs bench diff adjusted by position,Donuts (starters),Donuts (roster),Most number of WR rostered from same NFL team,,,,,,,,,
PPG as team starter this season,Adjusted PPG starter per rostered week,Regular-season PPG starter,Players under 10 pts (roster),Donuts (starters),Most number of TE started from same NFL team,,,,,,,,,
PPG as team starter adjusted by position this season,Adjusted PPG starter per rostered week adjusted by position,Regular-season PPG starter adjusted by position,Players under 10 pts (starters),Players under 10 pts (roster),Most number of TE rostered from same NFL team,,,,,,,,,
Total times highest starter on team,PPG bench,Playoff PPG starter,Players over 20 pts (roster),Players under 10 pts (starters),Number of NFL teams among starting players,,,,,,,,,
Total times highest starter on team this season,PPG bench adjusted by position,Playoff PPG starter adjusted by position,Players over 20 pts (starters),Players over 20 pts (roster),Number of NFL teams among rostered players,,,,,,,,,
Total times lowest starter on team,Adjusted PPG bench,Playoff minus regular-season PPG starter,Players over 30 pts (roster),Players over 20 pts (starters),Stacks,,,,,,,,,
Total times lowest starter on team this season,Adjusted PPG bench adjusted by position,Playoff minus regular-season PPG starter adjusted by position,Players over 30 pts (starters),Players over 30 pts (roster),Number of rookies started,,,,,,,,,
Total weeks on bench,PPG starter vs bench diff,Regular-season games started,Players over 40 pts (roster),Players over 30 pts (starters),Number of rookies rostered,,,,,,,,,
Total weeks on bench this season,PPG starter vs bench diff adjusted by position,Playoff games started,Players over 40 pts (starters),Players over 40 pts (roster),% of players drafted,,,,,,,,,
- Activated Cuff? (Did he start while a teammate he is the handcuff for was injured?),,Regular-season points as starter,Players over 50 pts (roster),Players over 40 pts (starters),% of 3rd year+ players drafted,,,,,,,,,
Number of Add/Drops,,Playoff points as starter,Players over 50 pts (starters),Players over 50 pts (roster),Player average age,,,,,,,,,
Number of drops,,,% of starters boom,Players over 50 pts (starters),Team age including picks,,,,,,,,,
Number of trades,,,% of starters upper quartile,% of starters boom,Difference between highest and lowest starters,,,,,,,,,
,,,% of starters middle 50%,% of starters upper quartile,Donuts (roster),,,,,,,,,
,,,% of starters lower quartile,% of starters middle 50%,Donuts (starters),,,,,,,,,
,,,% of starters bust,% of starters lower quartile,Players under 10 pts (roster),,,,,,,,,
,,,Number of cuffs rostered,% of starters bust,Players under 10 pts (starters),,,,,,,,,
,,,Number of cuffs started,Number of cuffs rostered,Players over 20 pts (roster),,,,,,,,,
,,,Startup draft players remaining,Number of cuffs started,Players over 20 pts (starters),,,,,,,,,
,,,Tanking,Startup draft players remaining,Players over 30 pts (roster),,,,,,,,,
,,,Number of Injuries,Tanking,Players over 30 pts (starters),,,,,,,,,
,,,Number of suspensions,Losses from hardship,Players over 40 pts (roster),,,,,,,,,
,,,Number of starter injuries,Losses from byes,Players over 40 pts (starters),,,,,,,,,
,,,Number of starter suspensions,Wins from byes,Players over 50 pts (roster),,,,,,,,,
,,,Number of players on bye,Losses from hardship (2-sided),Players over 50 pts (starters),,,,,,,,,
,,,Hardship,Wins from hardship (2-sided),% of starters boom,,,,,,,,,
,,,Starter-adjusted Hardship,Weeks of injuries,% of starters upper quartile,,,,,,,,,
,,,Loss from hardship?,Weeks suspensions,% of starters middle 50%,,,,,,,,,
,,,Loss from bye?,Weeks of starter injuries,% of starters lower quartile,,,,,,,,,
,,,Win from bye?,Weeks of starter suspensions,% of starters bust,,,,,,,,,
,,,Loss from hardship (2-sided)?,Hardship,Number of cuffs rostered,,,,,,,,,
,,,Win from hardship (2-sided)?,Starter-adjusted Hardship,Number of cuffs started,,,,,,,,,
,,,Luck,Luck,Startup draft players remaining,,,,,,,,,
,,,Starter turnover from previous week,Draft Value,Tanking,,,,,,,,,
,,,Roster turnover from previous week,3-year roster retention rate,Weeks of injuries,,,,,,,,,
,,,Number of Add/Drops,Number of first round picks made,Weeks suspensions,,,,,,,,,
,,,Number of waiver adds,Total number of picks made,Weeks of starter injuries,,,,,,,,,
,,,Number of free agency adds,Offseason starter turnover,Weeks of starter suspensions,,,,,,,,,
,,,Number of pure drops,Inseason starter turnover,Hardship,,,,,,,,,
,,,Number of trades,Offseason roster turnover,Starter-adjusted Hardship,,,,,,,,,
,,,Total transactions,Inseason roster turnover,Avg yearly luck,,,,,,,,,
,,,Amount of FAAB spent,Number of Add/Drops,Losses from hardship,,,,,,,,,
,,,Future draft capital,Number of waiver adds,Losses from byes,,,,,,,,,
,,,Combined points,Number of free agency adds,Wins from byes,,,,,,,,,
,,,Combined Max PF,Number of pure drops,Losses from hardship (2-sided),,,,,,,,,
,,,Combined efficiency,Offseason trades,Wins from hardship (2-sided),,,,,,,,,
,,,Combined bench points,Inseason trades,Draft Value,,,,,,,,,
,,,Combined points from QBs,Total trades,3-year roster retention rate,,,,,,,,,
,,,Combined points from WRs,Total transactions,Number of first round picks made,,,,,,,,,
,,,Combined points from RBs,Amount of FAAB spent,Total number of picks made,,,,,,,,,
,,,Combined points from TEs,Future draft capital,Offseason starter turnover,,,,,,,,,
,,,Combined QBs started,Change in win % from previous season,Inseason starter turnover,,,,,,,,,
,,,Combined WRs started,Change in efficiency from previous season,Offseason roster turnover,,,,,,,,,
,,,Combined RBs started,,Inseason roster turnover,,,,,,,,,
,,,Combined TEs started,,Number of Add/Drops,,,,,,,,,
,,,Combined points per QB started,,Number of waiver adds,,,,,,,,,
,,,Combined points per WR started,,Number of free agency adds,,,,,,,,,
,,,Combined points per RB started,,Number of pure drops,,,,,,,,,
,,,Combined points per TE started,,Offseason trades,,,,,,,,,
,,,Combined donuts (starters),,Inseason trades,,,,,,,,,
,,,Combined players under 10 pts (starters),,Total trades,,,,,,,,,
,,,Combined players over 20 pts (starters),,Total transactions,,,,,,,,,
,,,Combined players over 30 pts (starters),,Amount of FAAB spent,,,,,,,,,
,,,Combined players over 40 pts (starters),,Future draft capital,,,,,,,,,
,,,Combined players over 50 pts (starters),,,,,,,,,,,
,,,Combined % of starters boom,,,,,,,,,,,
,,,Combined % of starters bust,,,,,,,,,,,
,,,Combined starter injuries,,,,,,,,,,,
,,,Combined players on bye,,,,,,,,,,,
,,,Combined starter-adjusted Hardship,,,,,,,,,,,
,,,Combined rookies started,,,,,,,,,,,
,,,Combined starter turnover from previous week,,,,,,,,,,,
