player_name,gsis_id,season,week,nfl_team,status,detail,source
Jordan Love,00-0036264,2020,1,GB,inactive,Rookie Love was a healthy scratch all 2020 regular season (Boyle QB2),https://bleacherreport.com/articles/2935857-jordan-love-set-to-be-aaron-rodgers-backup-qb-after-packers-let-tim-boyle-go
Tua Tagovailoa,00-0036212,2020,1,MIA,active,"Dolphins inactives: Perry, Bowden, Fejedelem, Strowbridge, Pankey; Tua backup to Fitzpatrick",https://www.miamidolphins.com/news/inactives-for-dolphins-patriots-week-1
Tua Tagovailoa,00-0036212,2020,2,MIA,active,"Dolphins inactives: Perry, Fejedelem, Roberts, Strowbridge, Pankey",https://www.thephinsider.com/2020/9/20/21447672/miami-dolphins-buffalo-bills-week-2-2020-inactive-players-malcolm-perry-tremaine-edwards
Tua Tagovailoa,00-0036212,2020,3,MIA,active,"Dolphins inactives: Perry, Bowden, B. Jones, Fejedelem, Strowbridge, Pankey",https://www.thephinsider.com/2020/9/24/21455211/dolphins-at-jaguars-thursday-night-footbal-inactive-players-update
Tua Tagovailoa,00-0036212,2020,4,MIA,active,"Questionable (illness) but resumed backup role; inactives Perry, Strowbridge, Pankey",https://www.si.com/nfl/dolphins/news/miami-dolphins-week-4-inactives-and-what-it-means
Tua Tagovailoa,00-0036212,2020,5,MIA,active,"Dolphins inactives: Perry, Smythe, Lawson, Howard, Strowbridge",https://www.miamidolphins.com/news/dolphins-49ers-inactives-for-week-5
Clyde Edwards-Helaire,00-0036360,2020,13,KC,active,"Active for SNF despite questionable (illness); inactives Keyes, Harris, Rankin, Seals-Jones, Ward, Saunders",https://www.arrowheadpride.com/2020/12/6/22157345/chiefs-broncos-inactives-clyde-edwards-helaire-will-play-sunday-night
Jameis Winston,00-0031503,2020,13,NO,active,"Saints inactives: Jenkins, Montgomery, Davenport, Harris, Siemian, Haley, Griffin, Roach",https://www.cbssports.com/nfl/news/saints-announce-week-13-inactives
Jameis Winston,00-0031503,2020,14,NO,active,"Saints inactives: M. Brown, Siemian, Harty, Crawley, Griffin, D. Kelly, Montgomery",https://www.si.com/nfl/saints/gameday/week-14-saints-inactive-report-eagles-fox
Carson Wentz,00-0032950,2020,14,PHI,active,Benched; demoted to Hurts' backup,https://www.cbssports.com/nfl/news/jalen-hurts-named-eagles-starter-for-week-14-vs-saints-carson-wentz-demoted-to-backup
Jameis Winston,00-0031503,2020,15,NO,reserve,Placed on Reserve/COVID-19 list Sunday morning,https://www.canalstreetchronicles.com/2020/12/20/22191970/saints-chief-game-inactives-jameis-winston-on-covid-19-reserve-nfl-2020-season-football-week-15
Carson Wentz,00-0032950,2020,15,PHI,active,"Second straight week as Hurts' backup; inactives Slay, Maddox, Driscoll, Gerry, Hightower",https://www.phillyvoice.com/eagles-cardinals-inactives-injury-report-darius-slay-john-hightower-analysis-2020-0599970/
Jameis Winston,00-0031503,2020,16,NO,active,"Activated from COVID list; Saints inactives: M. Williams, Hendrickson, Elliss, Easton, Peat, M. Brown",https://www.canalstreetchronicles.com/2020/12/25/22199893/saints-vikings-inactives-trequan-smith-injured-reserve-nfl-week-16-drew-brees-kirk-cousin
Carson Wentz,00-0032950,2020,16,PHI,active,"Eagles inactives: Arcega-Whiteside, Barnett, Hightower, Huntley, Riley, R. Rodgers, Sudfeld; Wentz backup to Hurts",https://www.philadelphiaeagles.com/news/eagles-cowboys-inactives-week-16-2020
Trey Lance,00-0037012,2021,2,SF,active,Active; did not take a snap (Shanahan explained zero snaps),https://www.nfl.com/news/49ers-hc-kyle-shanahan-explains-why-trey-lance-had-zero-snaps-in-win
Jordan Love,00-0036264,2021,3,GB,active,"Packers inactives: King, Jenkins, Scott, Hamilton",https://www.packersnews.com/story/sports/nfl/packers/2021/09/26/packers-name-inactive-players-sunday-night-football-game-vs-49-ers/5850728001/
Jeff Wilson,00-0034115,2021,3,SF,reserve,Opened 2021 on reserve/PUP (knee); activated November,https://www.profootballrumors.com/2021/11/49ers-activate-rb-jeff-wilson-from-pup-list
Jordan Love,00-0036264,2021,4,GB,active,"Packers inactives: Jenkins, King, Barnes (+Z. Smith, Valdes-Scantling on IR)",https://www.acmepackingcompany.com/2021/10/3/22707581/inactives-pittsburgh-steelers-green-bay-packers-kevin-king-elgton-jenkins-krys-barnes-injury-update
Jeff Wilson,00-0034115,2021,4,SF,reserve,Still on reserve/PUP (activated November),https://www.profootballrumors.com/2021/11/49ers-activate-rb-jeff-wilson-from-pup-list
Jordan Love,00-0036264,2021,5,GB,active,"Packers inactives: Douglas, Heflin, Jenkins, Myers, Scott, J. Smith",https://www.acmepackingcompany.com/2021/10/10/22719344/green-bay-packers-cincinnati-bengals-week-5-inactives-elgton-jenkins-joe-mixon-myers-injury-update
Jordan Love,00-0036264,2021,6,GB,active,"Packers inactives: King, Scott, McDuffie, Heflin, Kelly",https://www.packers.com/news/packers-bears-inactives-week-6-2021
Donovan Peoples-Jones,00-0036233,2021,7,CLE,active,"Browns inactives: Mayfield, Chubb, A.J. Green, Odenigbo, Froholdt, Conklin, Togiai",https://www.clevelandbrowns.com/news/browns-announce-week-7-inactives-vs-broncos
Jordan Love,00-0036264,2021,7,GB,active,"Packers inactives: King, Scott, Kelly, Heflin, P. Smith",https://www.si.com/nfl/packers/gameday/green-bay-packers-vs-washington-football-team-inactives
Jordan Love,00-0036264,2021,8,GB,active,"Packers inactives: Kelly, Heflin, J. Smith, Hamilton, King, Scott",https://www.nfl.com/news/week-8-thursday-night-inactives-green-bay-packers-at-arizona-cardinals
Trey Lance,00-0037012,2021,8,SF,active,"49ers inactives: Banks, Al-Shaair, Hurst, Lenoir, A. Thomas, Benjamin",https://www.49ers.com/news/49ers-bears-trent-williams-ebukam-khalil-mack-inactives-week-8
Davis Mills,00-0036898,2021,9,HOU,active,"Texans inactives: Watson, Driskel, LeBlanc, Nickerson, E. Wilson, D. Davis, P. Brown",https://www.houstontexans.com/news/inactives-houston-texans-vs-miami-dolphins
Tua Tagovailoa,00-0036212,2021,9,MIA,active,Officially active as emergency backup (fractured finger); Brissett started,https://dknation.draftkings.com/2021/11/7/22765324/tua-tagovailoa-injury-game-status-active-week-9-fantasy-football-dolphins-vs-texans-inactives
Jeff Wilson,00-0034115,2021,9,SF,active,Activated from reserve/PUP; listed active vs Cardinals,https://www.ninersnation.com/2021/11/7/22768727/49ers-inactives-against-the-cardinals-mitchell-wilson-and-kittle-are-active
Trey Lance,00-0037012,2021,9,SF,active,"49ers inactives: Banks, Benjamin, Hurst, Lenoir, Omenihu, Sermon, Ward",https://www.49erswebzone.com/articles/152203-49ers-cardinals-sermon-inactives-niners-murray-deandre-hopkins-inactive/
Jordan Love,00-0036264,2021,10,GB,active,"Packers inactives: St. Brown, Scott, Dafney, Bakhtiari, Keke",https://www.packers.com/news/green-bay-packers-seattle-seahawks-inactives-week-10-2021
Trey Lance,00-0037012,2021,10,SF,active,"49ers inactives: Hasty, Hurst, Kirkpatrick, McKivitz",https://www.49erswebzone.com/news/152486-monday-night-inactives-los-angeles-san-francisco-49ers/
Jordan Love,00-0036264,2021,12,GB,active,"Packers inactives: King, Bakhtiari, Scott, M. Taylor, Heflin",https://www.packers.com/news/packers-rams-inactives-week-12-2021
Taysom Hill,00-0033357,2021,12,NO,active,"Saints inactives: Book, Ingram, Armah, Kamara, Ramczyk, Kpassagnon, Davenport",https://www.si.com/nfl/saints/gameday/week-12-saints-inactive-report-bills
Trey Lance,00-0037012,2021,12,SF,active,"49ers inactives: Hasty, McKivitz, Hurst, Willis",https://www.49erswebzone.com/articles/152971-49ers-vikings-jamycal-hasty-among-inactives-niners/
Darrell Henderson,00-0035664,2021,13,LA,active,"Active (thigh, emergency-only role); Rams inactives: Perkins, Garrett, A. Jackson, Anchrum, D. Long",https://www.therams.com/news/rams-jaguars-inactives-week-13-2021-david-long-jr
Trey Lance,00-0037012,2021,13,SF,active,"49ers inactives: Greenlaw, Samuel, McKivitz, Hurst, Warner, M. Harris",https://www.profootballnetwork.com/nfl-inactives-2021-nflwk-13/
Trey Lance,00-0037012,2021,14,SF,active,"49ers inactives: T. Adams, Greenlaw, Hurst, E. Mitchell, D. Johnson, McKivitz",https://www.profootballnetwork.com/nfl-inactives-2021-nflwk-14/
Jordan Love,00-0036264,2021,15,GB,active,"Packers inactives: St. Brown, Dafney, Bakhtiari, Turner",https://www.acmepackingcompany.com/2021/12/19/22845354/green-bay-packers-baltimore-ravens-week-15-inactives-update-lamar-jackson-marquez-valdes-scantling
Brevin Jordan,00-0036556,2021,15,HOU,active,"Texans inactives: J. Reid, Watson, Moreland, Quessenberry",https://www.profootballnetwork.com/nfl-inactives-2021-nflwk-15/
Gardner Minshew,00-0035289,2021,15,PHI,active,"Eagles inactives: Gowan, Sinnett, Tuipulotu, Vincent; Hurts started",https://www.philadelphiaeagles.com/news/washington-vs-eagles-inactives-week-15-2021
Trey Lance,00-0037012,2021,15,SF,active,"49ers inactives: Al-Shaair, Hurst, E. Mitchell, Greenlaw, McKivitz",https://www.49erswebzone.com/news/153797-49ers-inactives-azeez-al-shaair-officially-out-falcons/
Jordan Love,00-0036264,2021,16,GB,active,"Packers inactives: Bakhtiari, Turner, Keke",https://www.acmepackingcompany.com/2021/12/25/22853727/green-bay-packers-cleveland-browns-inactives-kenny-clark-david-bakhtiari-baker-mayfield-billy-turner
Trey Lance,00-0037012,2021,16,SF,active,"49ers inactives: E. Mitchell, Greenlaw, Hufanga, McKivitz, Hurst",https://www.nfl.com/news/week-16-thursday-night-inactives-san-francisco-49ers-at-tennessee-titans
Desmond Ridder,00-0038122,2022,1,ATL,active,"Falcons inactives: Byrd, Allgeier, Malone, Kwiatkoski, Edoga",https://www.atlantafalcons.com/news/falcons-inactives-drake-london-tyler-allgeier-deangelo-malone-week-1-saints
Terrace Marshall,00-0036955,2022,1,CAR,active,"Panthers inactives: Shenault, Barno, Mays, McCall, Sullivan, Mosby",https://www.panthers.com/news/week-1-inactives-laviska-shenault-wont-play-against-cleveland
Kenny Pickett,00-0038102,2022,1,PIT,active,"Steelers inactives: Rudolph, K. Green, Sims, Loudermilk, M. Robinson; Pickett QB2",https://www.steelers.com/news/steelers-inactives-for-week-1-at-bengals
Malik Willis,00-0038128,2022,1,TEN,active,"Titans inactives: L. Johnson, J. Jones, N. Jones, Chestnut, Tuszka",https://www.tennesseetitans.com/news/game-inactives-week-1-titans-vs-giants
Desmond Ridder,00-0038122,2022,2,ATL,active,"Falcons inactives: Byrd, Franks, Kwiatkoski, Bell, Edoga, Dickerson",https://www.thefalcoholic.com/2022/9/18/23359700/falcons-vs-rams-inactives-for-week-2-nfl-2022-brian-allen-van-jefferson-feleipe-franks-damiere-byrd
Jordan Love,00-0036264,2022,2,GB,active,"Packers inactives: Carpenter, Bakhtiari, C. Jones, Rhyan, Toure, Ford",https://www.packers.com/news/packers-bears-inactives-week-2-2022
Kenny Pickett,00-0038102,2022,2,PIT,active,"Steelers inactives: Rudolph, K. Green, Loudermilk, M. Robinson, Sims, Anenih",https://www.steelers.com/news/steelers-inactives-for-week-2-vs-patriots
Desmond Ridder,00-0038122,2022,3,ATL,active,"Falcons inactives: Byrd, Kwiatkoski, Bell, Wilkinson, B. Edwards, Dickerson",https://www.atlantafalcons.com/news/falcons-inactives-former-starting-receiver-inactive-ahead-of-week-3-matchup-with
Jordan Love,00-0036264,2022,3,GB,active,"Packers inactives: Watson, Walker, C. Jones, Rhyan, Toure, Ford",https://www.packers.com/news/packers-buccaneers-inactives-week-3-2022
Kenny Pickett,00-0038102,2022,3,PIT,active,"Steelers inactives: Rudolph, K. Green, Loudermilk, M. Robinson, Sims, Anenih",https://steelersdepot.com/2022/09/steelers-vs-browns-inactives-for-week-3/
Malik Willis,00-0038128,2022,3,TEN,active,"Titans inactives: Amadi, Dupree, Adeniyi, Philips, A. Adams, Chestnut",https://www.tennesseetitans.com/news/game-inactives-week-3-titans-vs-raiders
Desmond Ridder,00-0038122,2022,4,ATL,active,"Falcons inactives: Kwiatkoski, Bell, Edoga, Bernhardt, B. Edwards, Dickerson",https://www.atlantafalcons.com/news/falcons-inactives-final-status-of-cordarrelle-patterson-announced-ahead-of-week-
Jordan Love,00-0036264,2022,4,GB,active,"Packers inactives: Alexander, Walker, Rhyan, Toure, Ford",https://www.acmepackingcompany.com/2022/10/2/23383859/green-bay-packers-week-4-inactives-new-england-patriots-injury-report-jaire-alexander-mac-jones-2022
Malik Willis,00-0038128,2022,4,TEN,active,"Titans inactives: T. Jackson, Amadi, Hooker, Cunningham, Ray, Clark, Adeniyi",https://www.tennesseetitans.com/news/game-inactives-week-4-titans-at-colts
Desmond Ridder,00-0038122,2022,5,ATL,active,"Falcons inactives: Pitts, Malone, Kwiatkoski, Edoga, Bernhardt",https://www.ajc.com/sports/atlanta-falcons/inactives-falcons-at-buccaneers/XHE3FBGEVFATFMLUJSUBY6S3B4/
Jordan Love,00-0036264,2022,5,GB,active,"Packers inactives (London): Wyatt, Walker, Rhyan, Toure, Ford",https://sports.yahoo.com/packers-inactives-week-5-vs-120809993.html
Malik Willis,00-0038128,2022,5,TEN,active,"Titans inactives: Amadi, Hooker, Cunningham, J. Jones, Dupree, N. Davis, Adeniyi",https://www.tennesseetitans.com/news/game-inactives-week-5-titans-at-commanders
Desmond Ridder,00-0038122,2022,6,ATL,active,"Falcons inactives: M. Walker, E. Harris, Ogundeji, Firkser, Bernhardt, Edoga",https://www.aol.com/news/falcons-week-6-inactives-kyle-153957437.html
Nyheim Miller-Hines,00-0034367,2022,6,BUF,inactive,Then with IND; Nyheim Hines inactive for Colts Week 6 (concussion),https://www.cbssports.com/nfl/news/nfl-week-6-inactives-49ers-nick-bosa-out-saints-down-top-three-receivers-mac-jones-out-for-patriots/
Jameis Winston,00-0031503,2022,6,NO,active,Active as emergency QB behind Dalton,https://dknetwork.draftkings.com/nfl-injuries-fantasy/2022/10/16/23402544/bengals-vs-saints-inactives-week-6-tee-higgins-injury-jarvis-landry-jameis-winston-who-is-out
Desmond Ridder,00-0038122,2022,7,ATL,active,"Falcons inactives: Alford, Bell, Edoga, Firkser, Dickerson",https://www.atlantafalcons.com/news/falcons-injury-report-atlanta-release-inactives-ahead-of-week-7-matchup-with-ben
Jordan Love,00-0036264,2022,7,GB,active,"Packers inactives: Watson, Garvin, Bakhtiari, Tenuta, Ford",https://www.packers.com/news/packers-commanders-inactives-week-7-2022
Jameis Winston,00-0031503,2022,7,NO,active,"Saints inactives: Adebo, Lattimore, Landry, Peat, Thomas, Trautman, P. Turner",https://www.neworleanssaints.com/news/new-orleans-saints-inactives-vs-the-arizona-cardinals-nfl-week-7
Desmond Ridder,00-0038122,2022,8,ATL,active,"Falcons inactives: Terrell, Hawkins, Firkser, Landman, Bell, Edoga, Dickerson (moderate: page date garbled)",https://www.nfl.com/news/inactive-reports-for-sunday-s-week-8-games-in-2022-nfl-season
Jordan Love,00-0036264,2022,8,GB,active,"Packers inactives: Lazard, Jean-Charles, Garvin, Jenkins, Tenuta, Ford",https://www.si.com/nfl/bills/news/green-bay-packers-vs-buffalo-bills-inactives-spencer-brown-injury-allen-lazard
Jameis Winston,00-0031503,2022,8,NO,active,"Healthy backup to Dalton; Saints inactives: Landry, Thomas, Lattimore, W. Davis, Trautman, Granderson",https://www.neworleanssaints.com/news/new-orleans-saints-inactives-las-vegas-raiders-2022-nfl-week-8
Tyrion Davis-Price,00-0037827,2022,8,SF,active,"49ers inactives: Samuel, Jennings, Juszczyk, Armstead, Greenlaw, Verrett, Turay",https://www.49ers.com/news/jauan-jennings-jason-verrett-deebo-samuel-out-vs-rams-49ers-week-8-inactives
Desmond Ridder,00-0038122,2022,9,ATL,active,"Falcons inactives: E. Harris, Terrell, Landman, Edoga, Firkser, B. Edwards, Dickerson",https://www.atlantafalcons.com/news/falcons-inactives-atlanta-announces-list-prior-to-hosting-los-angeles-chargers-i
Jordan Love,00-0036264,2022,9,GB,active,"Packers inactives: Jean-Charles, Campbell, Walker, Tenuta, Ford",https://www.packers.com/news/packers-lions-inactives-week-9-2022
Jameis Winston,00-0031503,2022,9,NO,active,"Saints inactives: Landry, Ingram, Lattimore, W. Davis, Vannett",https://www.neworleanssaints.com/news/new-orleans-saints-inactives-baltimore-ravens-2022-nfl-week-9
Desmond Ridder,00-0038122,2022,10,ATL,active,"Falcons inactives: Franks, Firkser, Harrison, Dickerson, Landman, Terrell, E. Harris",https://www.nfl.com/news/week-10-thursday-inactives-atlanta-falcons-at-carolina-panthers
Jordan Love,00-0036264,2022,10,GB,active,"Packers inactives: Jean-Charles, Barnes, Campbell, Walker, Tenuta, Doubs, Ford",https://www.packers.com/news/packers-cowboys-inactives-week-10-2022
Sam Ehlinger,00-0036879,2022,10,IND,active,"Back to QB2 behind Ryan; Colts inactives: Denbow, Foles (QB3), French, D. Jackson, Strachan, C. Williams, J. Woods",https://www.si.com/nfl/colts/gameday/colts-raiders-inactives-week-10
Jameis Winston,00-0031503,2022,10,NO,active,"Saints inactives: Werner, Ingram, Lattimore, Peat, Maye, Callaway, Holtz, Davenport",https://www.neworleanssaints.com/news/new-orleans-saints-inactives-vs-pittsburgh-steelers-2022-nfl-week-10
Desmond Ridder,00-0038122,2022,11,ATL,active,"Falcons inactives: Franks, Firkser, Landman, B. Edwards, Dickerson",https://www.si.com/nfl/falcons/onsi/news/atlanta-falcons-chicago-bears-inactives-aj-terrell-erik-harris-feleipe-franks
Jordan Love,00-0036264,2022,11,GB,active,"Packers inactives: Jean-Charles, Campbell, Doubs, Ford, Tenuta, Walker",https://www.packers.com/news/packers-titans-inactives-tnf-week-11-2022
Jameis Winston,00-0031503,2022,11,NO,active,"Saints inactives: Werner, Ingram, Lattimore, J.T. Gray, Hurst, Davenport, C. Jordan",https://www.si.com/nfl/saints/gameday/saints-week-11-inactive-report-rams
Malik Willis,00-0038128,2022,11,TEN,active,"Titans inactives: Bullock, Dupree, Hooker, B. Jones, N. Jones, Molden, Rader",https://www.tennesseetitans.com/news/game-inactives-week-11-titans-at-packers
Desmond Ridder,00-0038122,2022,12,ATL,active,"Falcons inactives: Moffatt, Armstrong, Landman, Edoga, Darby, Dalton",https://www.atlantafalcons.com/news/falcons-inactives-arnold-ebiketie-feleipe-franks-caleb-huntley-status-revealed-a
Malik Willis,00-0038128,2022,12,TEN,active,"Titans inactives: Autry, Bullock, B. Jones, N. Jones, T. Mitchell, Murchison, Schobert",https://www.si.com/nfl/titans/gameday/tennessee-titans-cincinnati-bengals-nfl-week-12-inactives
Desmond Ridder,00-0038122,2022,13,ATL,active,"Falcons inactives: Edoga, Moffatt, Fenton, Ebiketie, Landman, Darby, Dalton",https://steelersdepot.com/2022/12/steelers-vs-falcons-inactives-for-week-13/
Jordan Love,00-0036264,2022,13,GB,active,"Packers inactives: Jean-Charles, Savage, Barnes, Bakhtiari, Doubs, Ford",https://www.packers.com/news/packers-bears-inactives-week-13-2022
Isaiah Spiller,00-0038045,2022,13,LAC,active,"Chargers inactives: Stick, J. Moore, Michel, Linsley, Pipkins, M. Williams",https://www.boltsfromtheblue.com/2022/12/4/23492413/chargers-raiders-week-13-inactives-mike-williams-corey-linsley
Tyrion Davis-Price,00-0037827,2022,13,SF,active,"49ers inactives: Dwelley, McGill, C. Robinson, Burford",https://www.nbcsports.com/bayarea/49ers/49ers-dolphins-inactives-deebo-samuel-trent-williams-playing-week-13-game
Malik Willis,00-0038128,2022,14,TEN,active,"Titans inactives: Adeniyi, Autry, Avery, Board, Burks, Fulton, Haskins",https://www.si.com/nfl/titans/gameday/tennessee-titans-jacksonville-jaguars-nfl-2022-week-14-inactives
Jordan Love,00-0036264,2022,15,GB,active,"Packers inactives: Jean-Charles, Barnes, Bakhtiari, C. Jones, Ford",https://www.packers.com/news/packers-rams-inactives-week-15-mnf-2022
Isaiah Spiller,00-0038045,2022,15,LAC,active,"Chargers inactives: Stick, D. James, Michel, JT Woods, Norton, Bandy, Hinton",https://www.boltsfromtheblue.com/2022/12/18/23515387/chargers-vs-titans-week-15-inactives-derwin-james-nfl-afc
Jeff Wilson,00-0034115,2022,15,MIA,inactive,Inactive at Buffalo with hip injury,https://www.nbcsports.com/nfl/profootballtalk/rumor-mill/news/jeff-wilson-inactive-for-dolphins-leaving-raheem-mostert-to-carry-the-load
Tyrion Davis-Price,00-0037827,2022,15,SF,active,"49ers inactives: Garoppolo, Samuel, Zakelj, Givens, C. Robinson, Womack, T. Moore",https://www.nfl.com/news/week-15-thursday-inactives-san-francisco-49ers-at-seattle-seahawks
Jordan Love,00-0036264,2022,16,GB,active,"Packers inactives: Jean-Charles, Garvin, Bakhtiari, C. Jones, Ford",https://www.packers.com/news/packers-dolphins-inactives-week-16-2022
Malik Willis,00-0038128,2022,17,TEN,active,"Titans inactives: Henry, Fulton, Thompson, Hooker, Cole, Petit-Frere, Autry, Simmons; Dobbs started",https://www.nfl.com/news/week-17-thursday-inactives-dallas-cowboys-at-tennessee-titans
Taylor Heinicke,00-0031800,2022,17,WAS,active,"Backup to Wentz; Commanders inactives: Howell (QB3), Gibson, St-Juste, Curl, C. Paul, Charles, Smith-Williams",https://sports.yahoo.com/commanders-week-17-inactives-vs-173357929.html
Elijah Mitchell,00-0036567,2023,2,SF,active,"49ers inactives: B. Allen (3rd QB), Zakelj, J. Graham, Davis-Price, K. Davis",https://dknetwork.draftkings.com/nfl-injuries-fantasy/2023/9/17/23868643/49ers-vs-rams-inactives-week-2-injury-report-puka-nacua-coleman-shelton-who-is-out
Rashaad Penny,00-0034750,2023,3,PHI,active,"Dressed with Boston Scott out; Eagles out: Watkins, Scott, Okwuegbunam, Steen, Ojomo, Goodrich",https://www.phillyvoice.com/eagles-buccaneers-week-3-inactives-analysis/
Juwan Johnson,00-0036040,2023,4,NO,active,"Saints inactives: Adebo, Howden, Luton, Moreau, Perry, K. Phillips, Ruiz",https://www.neworleanssaints.com/news/derek-carr-quarterback-nfl-week-4-saints-inactives-tampa-bay-buccaneers
Taylor Heinicke,00-0031800,2023,5,ATL,active,QB2 behind Ridder; Logan Woodside was the emergency third QB,https://www.atlantafalcons.com/news/falcons-release-inactives-list-ahead-of-hosting-the-houston-texans-at-home-in-we
Terrace Marshall,00-0036955,2023,5,CAR,active,"Not among Panthers inactives: Blackshear, X. Woods, D. Jackson, D. Jones, Sharpe (moderate: list may be partial)",https://dknetwork.draftkings.com/nfl-injuries-fantasy/2023/10/8/23907722/panthers-vs-lions-inactives-week-5-injury-report-amon-ra-st-brown-jahmyr-gibbs-who-is-out
Desmond Ridder,00-0038122,2023,9,ATL,active,"Benched, backup to Heinicke; Falcons inactives: London, Woodside (emergency 3rd QB), Hellams, K. Smith, Gwyn, Bell, Gaziano",https://www.atlantafalcons.com/news/falcons-inactives-week-9-matchup-minnesota-vikings-drake-london
Jimmy Garoppolo,00-0031345,2023,9,LV,active,"Benched to QB2; Raiders inactives: Deablo, Hoyer, J. Johnson, Masterson, Munford, B. Young, Rochell",https://www.raiders.com/news/las-vegas-raiders-week-9-inactives-vs-new-york-giants-110523
Jimmy Garoppolo,00-0031345,2023,10,LV,active,"Raiders inactives: Hoyer, J. Smith, J. Johnson, K. Miller, B. Young, Rochell, Silvera",https://www.raiders.com/news/las-vegas-raiders-week-10-inactives-new-york-jets-111223-sunday-night-football
Jimmy Garoppolo,00-0031345,2023,11,LV,active,"Raiders inactives: Hoyer, J. Smith, Burney, Grasu, K. Miller, B. Young, Silvera",https://www.raiders.com/news/las-vegas-raiders-nfl-week-11-inactives-vs-miami-dolphins-111923
Ryan Tannehill,00-0029701,2023,11,TEN,active,"Titans inactives: Dillard, Burks, Murphy-Bunting, Willis, C. Murphy, Gipson, Throckmorton",https://www.tennesseetitans.com/news/game-inactives-week-11-titans-at-jaguars
James Robinson,00-0035831,2023,12,GB,active,"Packers inactives: Wicks, Ford, Alexander, A. Jones, Campbell, C. Jones, Deguara",https://www.packers.com/news/inactives-packers-lions-week-12-2023
Israel Abanikanda,00-0038389,2023,13,NYJ,active,"Jets inactives: Zach Wilson (emergency QB), Cobb, B. Hall, Z. Barnes, B. Turner, C. Lawson, Deculus",https://www.newyorkjets.com/news/jets-vs-falcons-2023-week-13-inactives
Geno Smith,00-0030565,2023,15,SEA,active,Active but did not start (groin); Lock started,https://www.seahawks.com/news/geno-smith-active-devon-witherspoon-jamal-adams-inactive-for-seahawks-week-15-ga
Desmond Ridder,00-0038122,2023,16,ATL,active,"Backup to Heinicke; inactives: Woodside (emergency 3rd QB), O'Donnell, Gwyn, Togiai, McGary, FitzPatrick, Gaziano",https://www.atlantafalcons.com/news/falcons-release-inactives-list-week-16-vs-indianapolis-colts
Drew Lock,00-0035704,2023,16,SEA,active,"Seahawks inactives: Eskridge, Witherspoon, J. Adams, F. Clark, M. Curtis, R. O'Neal, M. Adams",https://12thmanrising.com/posts/seattle-seahawks-inactives-week-16-tennessee-titans
Russell Wilson,00-0029263,2023,17,DEN,active,Benched; dressed as No. 2 QB behind Stidham,https://www.cbssports.com/nfl/news/russell-wilson-benched-for-rest-of-season-to-back-up-jarrett-stidham-in-week-17-veteran-qb-set-to-be-cut/
Michael Penix,00-0039917,2024,1,ATL,active,"Backup to Cousins; Falcons inactives: McClellan, Hamilton, Dorlus, Gwyn, C. Washington, Orhorhoro",https://www.atlantafalcons.com/news/falcons-release-their-inactives-list-for-week-1-home-opener-vs-steelers
Jake Browning,00-0035100,2024,1,CIN,active,"Bengals inactives: Higgins, Pryor, C. Johnson, Mims, McLachlan, K. Jenkins",https://www.patriots.com/news/week-1-inactives-patriots-at-bengals
Joe Flacco,00-0026158,2024,1,IND,active,"Colts inactives: Avery, Ehlinger (emergency QB3), Gould, Land, D. Long, Pinter",https://www.colts.com/news/inactives/
Drake Maye,00-0039851,2024,1,NE,active,"Patriots inactives: Baker, D. Jacobs, C. Jacobs, E. Johnson, Milton (emergency 3rd QB), Sow, Z. Thomas",https://www.cbsnews.com/boston/news/javon-baker-patriots-inactives-week-1-bengals-nfl/
Kenny Pickett,00-0038102,2024,1,PHI,active,"Backup to Hurts; Eagles inactives: McKee (3rd QB), I. Rodgers, D. White, Hunt, Kinnard, Keegan, B. Young",https://www.philadelphiaeagles.com/news/packers-vs-eagles-inactives-week-1-2024
Sam Howell,00-0037077,2024,1,SEA,active,"Backup to Geno Smith; Seahawks inactives: Nwosu, P. Brown, Laumea, Sundell, Jerrell, M. Adams, Burns",https://www.fieldgulls.com/2024/9/8/24238808/nfl-week-1-2024-seahawks-vs-broncos-gameday-inactives-announced
Michael Penix,00-0039917,2024,2,ATL,active,"Falcons inactives: McClellan, Hamilton, Dorlus, Gwyn, Parker, Orhorhoro",https://www.philadelphiaeagles.com/news/falcons-vs-eagles-inactives-week-2-2024
Jake Browning,00-0035100,2024,2,CIN,active,"Bengals inactives: Higgins, C. Johnson, Mims, McLachlan, K. Jenkins",https://www.profootballnetwork.com/cincinnati-bengals-vs-kansas-city-chiefs-inactives-week-2-2024/
Joe Flacco,00-0026158,2024,2,IND,active,"Backup to Richardson; Colts inactives: Blackmon, Downs, Ehlinger (emergency 3rd QB), Bortolini, Freeland, Mallory, Avery",https://www.colts.com/news/josh-downs-deforest-buckner-kwity-paye-week-2-packers-game-status-injury-update
Drake Maye,00-0039851,2024,2,NE,active,"Patriots inactives: Boutte, Milton, C. Jacobs, Sow, D. Jacobs",https://www.patriots.com/news/week-2-inactives-seahawks-at-patriots
Kenny Pickett,00-0038102,2024,2,PHI,active,"Backup to Hurts; Eagles inactives: A.J. Brown, D. White, McKee (3rd QB), Kinnard, Keegan, B. Young, Ricks",https://www.bleedinggreennation.com/2024/9/16/24246682/eagles-falcons-inactives-devin-white-healthy-scratch-johnny-wilson-will-play
Sam Howell,00-0037077,2024,2,SEA,active,"Not among Seahawks inactives: K. Walker, Fant, Nwosu, P. Brown, Oluwatimi (moderate: list may be partial)",https://www.seahawks.com/news/kenneth-walker-iii-george-fant-inactive-for-seahawks-week-2-game-vs-patriots-jerome-baker-tyrel-dodson-active
Michael Penix,00-0039917,2024,3,ATL,active,"Falcons inactives: McClellan, Dorlus, Gwyn, Parker, Orhorhoro",https://www.thefalcoholic.com/2024/9/22/24251701/falcons-chiefs-inactives-no-surprises-for-atlanta-ruke-orhorhoro-brandon-dorlus
Bryce Young,00-0039150,2024,3,CAR,active,"Benched; Panthers inactives: Bartholomew, Castro-Fields, Raym, Kingston, Swinson, Tuttle",https://www.panthers.com/news/week-3-inactives-at-las-vegas
Jake Browning,00-0035100,2024,3,CIN,active,"Bengals inactives: Hudson, Rankins, B.J. Hill, McLachlan, Kirkland, Irwin",https://www.cincyjungle.com/2024/9/23/24252648/bengals-vs-commanders-inactives-vonn-bell-amarius-mims
Kenny Pickett,00-0038102,2024,3,PHI,active,"Backup to Hurts; McKee emergency 3rd QB; Eagles inactives: D. White, Ricks, A.J. Brown, Kinnard, Keegan, B. Young",https://www.philadelphiaeagles.com/news/eagles-vs-saints-inactives-week-3-2024
Sam Howell,00-0037077,2024,3,SEA,active,"Seahawks inactives: K. Walker, Nwosu, J. Baker, Oluwatimi, Laumea, Jerrell, M. Adams",https://www.seahawks.com/news/boye-mafe-derick-hall-active-for-seahawks-week-3-game-vs-dolphins
Michael Penix,00-0039917,2024,4,ATL,active,"Falcons inactives: McClellan, Dorlus, Gwyn, Parker, McGary, Orhorhoro",https://www.atlantafalcons.com/news/falcons-release-inactives-list-ahead-of-week-4-s-nfc-south-rivalry-between-atlanta-and-new-orleans
Bryce Young,00-0039150,2024,4,CAR,active,"Benched; Panthers inactives: Tuttle, D. Lewis, L. Johnson, Castro-Fields, Boone, T. Jackson, Kingston",https://www.panthers.com/news/week-4-inactives-vs-cincinnati
Jake Browning,00-0035100,2024,4,CIN,active,"Bengals inactives: McLachlan, Hudson, B.J. Hill, Rankins",https://www.bengals.com/news/week-4-inactives-bengals-at-panthers
Drake Maye,00-0039851,2024,4,NE,active,"Backup to Brissett; Patriots inactives: Lowe, M. Jordan, Jennings, J. Bell, Kromah, Milton (emergency 3rd QB)",https://www.patriots.com/news/week-4-inactives-patriots-at-49ers
Javon Baker,00-0039853,2024,4,NE,active,"Not among Patriots inactives: Lowe, M. Jordan, Jennings, J. Bell, Kromah, Milton",https://www.patspulpit.com/2024/9/29/24257617/patriots-49ers-inactives-nfl-week-4
Malachi Corley,00-0039920,2024,4,NYJ,active,"Jets inactives: Abanikanda, Bernard-Converse, Mosley, Warren, Moses, McGregor, L. Taylor",https://www.newyorkjets.com/news/jets-vs-broncos-game-inactives-week-4-2024
Kenny Pickett,00-0038102,2024,4,PHI,active,"Backup; Eagles inactives: L. Johnson, A.J. Brown, D. Smith, D. White, McKee, Keegan, B. Young",https://www.philadelphiaeagles.com/news/eagles-vs-buccaneers-inactives-september-29-2024-nfl-week-4
Trey Benson,00-0039921,2024,5,ARI,active,"Cardinals inactives: Prater, G. Williams, Dimukeje, X. Thomas, I. Adams, Vokolek, Weaver",https://www.si.com/nfl/cardinals/onsi/news/arizona-cardinals-inactives-in-out-49ers-week-5
Michael Penix,00-0039917,2024,5,ATL,active,"Falcons inactives: Wilkinson, Gwyn, Street, Dorlus, McClellan",https://www.atlantafalcons.com/news/falcons-release-inactives-list-ahead-of-thursday-night-football-game-vs-tampa-bay-buccaneers
Jake Browning,00-0035100,2024,5,CIN,active,"Bengals inactives: Irwin, Hilton, C. Johnson, McLachlan, Hudson, Rankins",https://www.cincyjungle.com/2024/10/6/24263500/bengals-vs-ravens-inactives-mike-hilton-andrew-vorhees-out
Luke Musgrave,00-0039144,2024,5,GB,active,Questionable but active; did not play a snap,https://www.packers.com/news/packers-rams-inactives-week-5-2024
Drake Maye,00-0039851,2024,5,NE,active,"Patriots inactives: Peppers, Osborn, Baker, Dugger, Kromah, J. Bell, Milton",https://www.patriots.com/news/week-5-inactives-dolphins-at-patriots
Michael Penix,00-0039917,2024,6,ATL,active,"Falcons inactives: McClellan, Andersen, Dorlus, Gwyn, Wilkinson, Parker, Street",https://www.atlantafalcons.com/news/falcons-release-inactives-ahead-of-week-6-matchup-with-carolina-panthers
Bryce Young,00-0039150,2024,6,CAR,active,"Panthers inactives: Clowney, Bartholomew, Jewell, Raym, Kingston, Moton, Tremble",https://www.panthers.com/news/week-6-inactives-vs-atlanta
Jake Browning,00-0035100,2024,6,CIN,active,"Bengals inactives: Burton, C. Johnson, Stueber, Guy, McLachlan, Tufele",https://www.bengals.com/news/week-6-inactives-bengals-at-giants
Gardner Minshew,00-0035289,2024,6,LV,active,"Benched for O'Connell; Raiders inactives: Z. White, Meyers, Adams, Webb, Eichenberg, Munford, J. Robinson",https://www.raiders.com/news/las-vegas-raiders-nfl-week-6-inactives-vs-pittsburgh-steelers-101324
K.J. Osborn,00-0036345,2024,6,NE,active,"Cleared (shoulder); Patriots inactives: Baker, Thornton, Milton, Stevenson, Cardona, L. Robinson, E. Johnson",https://www.patriots.com/news/week-6-inactives-texans-at-patriots
Kenny Pickett,00-0038102,2024,6,PHI,active,"Backup; Eagles inactives: McKee (3rd QB), Ricks, Gates, Kinnard, Keegan, B. Young",https://www.philadelphiaeagles.com/news/browns-vs-eagles-inactives-week-6-2024
Jake Browning,00-0035100,2024,7,CIN,active,"Bengals inactives: Guy, Irwin, C. Johnson, McLachlan, Stueber, Tufele",https://www.bengals.com/news/week-7-inactives-bengals-at-browns
Joe Flacco,00-0026158,2024,7,IND,active,"Backup to Richardson; Colts inactives: Ehlinger (emergency 3rd QB), Gould, J. Taylor, Lammons, Speed, Pinter, Avery",https://www.colts.com/news/colts-announce-7-inactive-players-week-7-game-miami-dolphins
Justin Fields,00-0036945,2024,7,PIT,active,"Backup to Russell Wilson with a package of plays; Steelers inactives incl. Patterson, Herbig, Frazier, R. Wilson",https://steelersdepot.com/2024/10/steelers-vs-jets-inactives-for-week-7/
Michael Penix,00-0039917,2024,8,ATL,active,"Falcons inactives: McClellan, Simmons, Andersen, Dorlus, Wilkinson, Parker, Street",https://www.atlantafalcons.com/news/week-8-inactives-atlanta-falcons-vs-tampa-bay-buccaneers-justin-simmons
Dorian Thompson-Robinson,00-0038583,2024,8,CLE,active,"Winston started; Browns inactives: Zappe (3QB), Hickman, J. Ford, Hicks, Wills, Q. Jefferson",https://www.clevelandbrowns.com/news/browns-announce-inactives-for-week-8-vs-ravens
Kenny Pickett,00-0038102,2024,8,PHI,active,"Eagles inactives: Becton, Goedert, Keegan, McKee (3rd QB), Ricks",https://www.philadelphiaeagles.com/news/eagles-vs-bengals-inactives-week-8-2024
Michael Penix,00-0039917,2024,9,ATL,active,"Falcons inactives: Andersen, McClellan, Bertrand, Dorlus, Gwyn, Wilkinson, Parker",https://www.atlantafalcons.com/news/atlanta-falcons-inactives-for-week-9-vs-dallas-cowboys
Anthony Richardson,00-0039164,2024,9,IND,active,"Benched; active backup to Flacco; Colts inactives: Avery, Ehlinger (emergency 3rd QB), Gotsis, Gould, Raimann",https://www.si.com/nfl/colts/onsi/news/colts-vikings-inactives-sunday-night-football-week-9
Kenny Pickett,00-0038102,2024,9,PHI,active,"Eagles inactives: Goedert, Slay, McCollum, McKee (emergency QB), Kinnard, Keegan",https://www.bleedinggreennation.com/2024/11/3/24286833/eagles-jaguars-inactives-brian-thomas-jr-gabe-davis-travis-etienne-tank-bigsby-dallas-goedert-nfl
Michael Penix,00-0039917,2024,10,ATL,active,"Falcons inactives: Bertrand, McClellan, Dorlus, Gwyn, Wilkinson, R. Evans, Parker",https://www.atlantafalcons.com/news/atlanta-falcons-inactives-week-10-vs-new-orleans-saints-drake-london
Anthony Richardson,00-0039164,2024,10,IND,active,"Benched to backup; Colts inactives: Avery, Ehlinger (emergency QB3), Gotsis, Gould, D. Hall, Pittman",https://www.colts.com/news/colts-6-inactive-players-week-10-game-vs-buffalo-bills-michael-pittman
Justin Fields,00-0036945,2024,10,PIT,active,"Backup; Kyle Allen emergency 3rd QB; Steelers inactives: Herbig, K. Allen, S. Miller, Henderson, Scharping",https://steelersdepot.com/2024/11/steelers-vs-commanders-inactives-for-week-10/
Jalen McMillan,00-0039855,2024,10,TB,active,Questionable (hamstring) but active vs 49ers,https://www.pewterreport.com/bucs-vs-49ers-gameday-inactives-for-week-10/
Kenny Pickett,00-0038102,2024,11,PHI,active,"Eagles inactives: Gates, Keegan, Kinnard, McCollum, McKee (3rd QB), Ricks",https://www.bleedinggreennation.com/2024/11/14/24296613/eagles-vs-commanders-inactives-nfl-news-week-11
Michael Penix,00-0039917,2024,13,ATL,active,"Falcons inactives: M. Hughes, McClellan, Bertrand, R. Patterson, R. Evans, Wilkinson, Parker",https://www.atlantafalcons.com/news/atlanta-falcons-inactives-for-week-13-vs-los-angeles-chargers
Diontae Johnson,00-0035216,2024,13,BAL,active,"Dressed but refused to enter the game (later suspended for it) - active, did not play",https://www.nfl.com/news/ravens-suspend-wr-diontae-johnson-one-game-for-refusing-to-enter-week-13-loss-to-eagles
Kenny Pickett,00-0038102,2024,13,PHI,active,"Eagles inactives: Slay, D. Smith, McKee, Gates, Kinnard, Keegan, J. Wilson",https://www.philadelphiaeagles.com/news/eagles-vs-ravens-inactives-week-13-2024
Michael Penix,00-0039917,2024,14,ATL,active,"Falcons inactives: N. Brooks, R. Evans, McClellan, Parker, C. Washington, Wilkinson",https://www.atlantafalcons.com/news/falcons-inactives-for-week-14-vs-minnesota-vikings
Kenny Pickett,00-0038102,2024,14,PHI,active,"Eagles inactives: Blankenship, S. Brown, Covey, Gates, Kinnard, Keegan, McKee (emergency QB)",https://www.philadelphiaeagles.com/news/panthers-vs-eagles-inactives-week-14-2024
Justin Fields,00-0036945,2024,14,PIT,active,"Backup; Steelers inactives: K. Allen (3rd QB), Pickens, Scharping, Lowry, Trice",https://www.steelers.com/news/steelers-inactives-for-week-14-vs-browns
Michael Penix,00-0039917,2024,15,ATL,active,"Falcons inactives: Carlos Washington Jr., R. Evans, Dorlus, Wilkinson, Parker, Casey Washington",https://www.atlantafalcons.com/news/atlanta-falcons-inactives-for-week-15-matchup-with-las-vegas-raiders
Kenny Pickett,00-0038102,2024,15,PHI,active,"Eagles inactives: McKee (3rd QB), Covey, Keegan, Gates, Kinnard, Ricks",https://www.philadelphiaeagles.com/news/steelers-vs-eagles-inactives-week-15-2024
Kirk Cousins,00-0029604,2024,16,ATL,active,"Benched, backup to Penix; Falcons inactives: Carlos Washington, Dorlus, Wilkinson, Parker, Casey Washington, Drummond",https://www.atlantafalcons.com/news/atlanta-falcons-inactives-for-week-16-matchup-with-the-new-york-giants
Jaylen Wright,00-0039874,2024,16,MIA,active,"Active (one of four RBs) but did not play; Dolphins inactives: Waddle, Bonner, Tindall, M. Kamara, A. Meyer, Eskridge",https://www.thephinsider.com/miami-dolphins-injuries/2024/12/22/24327413/miami-dolphins-inactive-players-vs-san-francisco-49ers-week-16-schedule
Malachi Corley,00-0039920,2024,16,NYJ,active,"Active but did not play a snap; Jets inactives: M. Carter II, Bernard-Converse, Hanson, Simpson, Newman, Q. Williams",https://www.newyorkjets.com/news/jets-vs-rams-game-inactives-week-16-2024
Israel Abanikanda,00-0038389,2024,16,SF,active,"49ers inactives: Beal, K. Davis, Dobbs, Guerendo, Tonges, T. Williams, Ya-Sin",https://www.49erswebzone.com/articles/187417-these-49ers-players-inactive-dolphins/
Will Levis,00-0039152,2024,16,TEN,active,Benched; backup to Mason Rudolph (moderate: no inactive list quoted),https://www.nfl.com/news/titans-bench-qb-will-levis-will-start-mason-rudolph-vs-colts
Kirk Cousins,00-0029604,2024,17,ATL,active,"Backup to Penix; Falcons inactives: Carlos Washington, K. King, Dorlus, Wilkinson, Wheatley, Parker, Casey Washington",https://www.atlantafalcons.com/news/atlanta-falcons-inactives-for-week-17-vs-washington-commanders
Will Levis,00-0039152,2024,17,TEN,active,"Backup to Rudolph; Titans inactives: Folk, J. Jackson, Pollard, Hooker, Reese, Radunz, Petit-Frere",https://www.tennesseetitans.com/news/game-inactives-week-17-titans-at-jaguars
Dillon Gabriel,00-0040704,2025,1,CLE,active,"Browns inactives: S. Sanders (3QB), M. Hall, Zinter, Leveston, Larvadain",https://www.clevelandbrowns.com/news/browns-announce-inactives-for-week-1-vs-bengals
Anthony Richardson,00-0039164,2025,1,IND,active,"Backup to D. Jones; Colts inactives: Leonard (3rd QB), Goodson, J. Edwards, Muma, Tenuta, Mallory, Tuimoloau",https://www.colts.com/news/colts-announce-7-inactive-players-for-week-1-game-vs-miami-dolphins
Jaxson Dart,00-0040691,2025,1,NYG,active,"Giants inactives: A. Thomas, Brade, E. Neal, Fidone, D. Alexander, Winston (3rd QB)",https://www.giants.com/news/nfl-week-1-inactives-andrew-thomas-malik-nabers-injury-report-commanders
Anthony Richardson,00-0039164,2025,2,IND,active,"Colts inactives: C. Ward, R. Leonard (3rd QB), Goodson, Tenuta, Mallory, Latu",https://www.colts.com/news/colts-announce-6-inactive-players-for-week-2-game-vs-denver-broncos
Devin Neal,00-0040202,2025,2,NO,active,"Saints inactives: Palmer, R. Wright, Penning, Truss, Boyd, Bullard, C. Young",https://www.neworleanssaints.com/news/new-orleans-saints-inactives-san-francisco-49ers-2025-nfl-week-2-gameday
Tyler Shough,00-0040743,2025,2,NO,active,"Saints inactives: Palmer, R. Wright, Penning, Truss, Boyd, Bullard, C. Young",https://www.neworleanssaints.com/news/new-orleans-saints-inactives-san-francisco-49ers-2025-nfl-week-2-gameday
Dillon Gabriel,00-0040704,2025,3,CLE,active,"Browns inactives: S. Sanders (3rd QB), Kazee, C. Mitchell, R. Sanders, M. Hall, Zinter, Conklin",https://www.clevelandbrowns.com/news/browns-announce-inactives-for-week-3-vs-the-packers
Jalen Royals,00-0040646,2025,3,KC,active,Questionable (knee) but active for NFL debut,https://www.arrowheadpride.com/kansas-city-chiefs-injuries/182051/chiefs-giants-inactives-jalen-royals-will-play
Jaylen Wright,00-0039874,2025,3,MIA,active,Not among Dolphins inactives; active but did not play a snap,https://sports.yahoo.com/article/miami-dolphins-jaylen-waddle-expects-223508750.html
Kaleb Johnson,00-0040142,2025,3,PIT,active,"Steelers inactives: Porter Jr., Elliott, Highsmith, Peat, Otomewo",https://www.steelers.com/news/steelers-inactives-for-week-3-at-patriots
Anthony Richardson,00-0039164,2025,4,IND,active,"QB2 behind Jones; Colts inactives: Goncalves, K. Moore, Pierce, Leonard (3rd QB), E. Johnson, Mallory, Tenuta",https://www.colts.com/news/colts-announce-7-inactive-players-for-week-4-game-vs-los-angeles-rams
Jaylen Wright,00-0039874,2025,4,MIA,active,"Dolphins inactives: Ewers (emergency QB), Bonner, Duck, T. Washington, Biggers",https://sports.yahoo.com/article/dolphins-vs-jets-inactives-miami-215408311.html
Jalen Milroe,00-0040673,2025,4,SEA,active,"Seahawks inactives: Emmanwori, Ivey, O'Toole, Josh Jones, Richman, Kallerup, C. White",https://sports.yahoo.com/article/seahawks-nick-emmanwori-6-others-225002527.html
Russell Wilson,00-0029263,2025,5,NYG,active,"QB2 behind Dart; Giants inactives: Flannigan-Fowles, Tracy, E. Neal, E. Garcia, Winston (3rd QB)",https://www.giants.com/news/nfl-week-5-inactives-giants-saints-injury-report-statuses-tyrone-tracy-jr-malik-nabers
Shedeur Sanders,00-0040668,2025,6,CLE,active,"Active for first time as QB2; Browns inactives: Bernard-Converse, R. Sanders, M. Hall, Munford, Zinter, Lucas",https://www.clevelandbrowns.com/news/browns-announce-inactives-for-week-6-vs-the-steelers
Riley Leonard,00-0040206,2025,6,IND,active,QB2 after Richardson hurt in warmups (Richardson inactive); Leonard played final two drives? check snaps,https://www.cbssports.com/fantasy/football/news/colts-riley-leonard-debuts-for-final-two-drives
Shedeur Sanders,00-0040668,2025,7,CLE,active,"QB2 behind Gabriel; Browns inactives: Bernard-Converse, R. Sanders, M. Hall, Conklin, Njoku",https://www.clevelandbrowns.com/news/browns-announce-inactives-for-week-7-against-the-dolphins
Riley Leonard,00-0040206,2025,7,IND,active,"QB2 behind Jones; Colts inactives: Downs, Dulin, Goodson, Lowery, Tenuta, Mallory, E. Johnson",https://www.colts.com/news/colts-announce-7-inactive-players-for-week-7-game-at-los-angeles-chargers
Russell Wilson,00-0029263,2025,7,NYG,active,"QB2 behind Dart; Giants inactives: Bozeman, Flannigan-Fowles, Golston, E. Neal, Schmitz, Slayton, Winston (3rd QB)",https://www.giants.com/news/nfl-week-7-inactives-denver-broncos-abdul-carter-status-darius-slayton-john-michael-schmitz
Kaleb Johnson,00-0040142,2025,7,PIT,active,"Steelers inactives: C. Austin, Peat, L. Lee, Leal",https://www.steelers.com/news/steelers-inactives-for-week-7-at-bengals
Russell Wilson,00-0029263,2025,8,NYG,active,"Giants inactives: Adebo, Golston, Holland, Hudson, Hyatt, E. Neal, Winston (3rd QB) (one search summary wrongly said Wilson inactive)",https://www.giants.com/news/nfl-week-8-inactives-who-s-in-who-s-out-eagles-injury-report-aj-brown
Kaleb Johnson,00-0040142,2025,8,PIT,active,"Steelers inactives: S. Miller, Peat, L. Lee, Leal",https://www.steelers.com/news/steelers-inactives-for-week-8-vs-packers
Riley Leonard,00-0040206,2025,9,IND,active,"QB2 behind Jones; Colts inactives: Ebukam, Gould, T. Lewis, Mallory, Tenuta, Giddens, Lowery",https://www.colts.com/news/colts-announce-7-inactive-players-for-week-9-game-at-steelers
Russell Wilson,00-0029263,2025,9,NYG,active,"Giants inactives: Adebo, Bellinger, Eluemunor, Flott, Golston, Holland, Winston (3rd QB)",https://www.giants.com/news/nfl-week-9-inactives-49ers-giants-jermaine-eluemunor-daniel-bellinger-cor-dale-flott-paulson-adebo
Kirk Cousins,00-0029604,2025,10,ATL,active,"QB2 behind Penix; Falcons inactives: Hughes, Fuller, Floyd, Stueber, Bergeron, Gray, London",https://www.atlantafalcons.com/news/atlanta-falcons-inactives-indianapolis-colts-berlin-germany
Shedeur Sanders,00-0040668,2025,10,CLE,active,"QB2 (back injury in week, cleared); Browns inactives: I. Bond, R. Sanders, Zinter, Lucas, Bates",https://x.com/jsproinsider/status/1987562423964885001
Riley Leonard,00-0040206,2025,10,IND,active,"QB2 behind Jones; Colts inactives: Ebukam, Gould, T. Lewis, Giddens, Lowery, Mallory, Tenuta",https://www.colts.com/news/colts-announce-7-inactive-players-for-week-10-game-vs-atlanta-falcons
Riley Leonard,00-0040206,2025,12,IND,active,"QB2 behind Jones; Colts inactives (all healthy scratches): Giddens, J. Edwards, Lowery, Tenuta, Mallory",https://www.colts.com/news/colts-announce-5-inactive-players-for-week-12-game-vs-kansas-city-chiefs
Jalin Hyatt,00-0038938,2025,12,NYG,active,"Giants inactives: Adebo, Banks, Dart, Hudson, Nubin, Thibodeaux",https://www.giants.com/news/nfl-week-12-inactives-detroit-lions-jaxson-dart-kayvon-thibodeaux-paulson-adebo-tyler-nubin-deonte-banks
Justin Fields,00-0036945,2025,12,NYJ,active,"Benched, QB2 behind T. Taylor; Jets inactives: T. Johnson, Herbert, M. Smith, J. Woods, Baron",https://www.newyorkjets.com/news/jets-ravens-game-inactives-11-23-2025
Kaleb Johnson,00-0040142,2025,12,PIT,active,"Steelers inactives: Rodgers, Highsmith, Peat, Martin-Rhodes, L. Lee",https://www.steelers.com/news/steelers-inactives-for-week-12-at-bears
Joe Flacco,00-0026158,2025,13,CIN,active,"QB2 behind returning Burrow; Bengals inactives: Higgins, Hendrickson, Burton, Brooks, Browning (QB), Grandy, Sample (moderate: team page 403, list via search snippet)",https://www.cincyjungle.com/cincinnati-bengals-injuries/181651/ravens-inactives-jermaine-burton-cam-sample
Riley Leonard,00-0040206,2025,13,IND,active,"QB2 behind Jones; Colts inactives: Giddens, J. Edwards, Lowery, Tenuta, Mallory, E. Johnson",https://www.colts.com/news/colts-announce-6-inactive-players-for-week-13-game-vs-houston-texans-tyler-warren
Justin Fields,00-0036945,2025,13,NYJ,active,"QB2 behind T. Taylor; Jets inactives: Brownlee, Herbert, McGregor, M. Smith, A. Smith, J. Woods, Baron",https://www.newyorkjets.com/news/jets-falcons-game-inactives-11-30-2025
Dillon Gabriel,00-0040704,2025,14,CLE,active,"QB2 behind S. Sanders; Browns inactives: R. Sanders, Teller, Conklin, Thrash, Bates, Huntington",https://www.clevelandbrowns.com/news/browns-announce-inactives-for-week-14-vs-the-titans
Rome Odunze,00-0039919,2025,15,CHI,ruled_out_pregame,Officially ACTIVE but aggravated foot injury in pregame warmups and was ruled out before kickoff; did not play (needs-human-judgment: kept injured),https://www.espn.com/nfl/story/_/id/47304596/bears-rome-odunze-aggravating-foot-injury
Dillon Gabriel,00-0040704,2025,15,CLE,active,"QB2 behind S. Sanders; Browns inactives: Ward, Sampson, Zinter, Teller, Conklin, Njoku, Huntington",https://www.clevelandbrowns.com/news/browns-announce-inactives-for-week-15-vs-the-bears-x2153
Riley Leonard,00-0040206,2025,15,IND,active,"QB2 behind Rivers; Colts inactives: Gardner, Gould, Rypien (3rd QB), Giddens, Lowery, Carlies, Mallory",https://www.colts.com/news/colts-announce-7-inactive-players-for-week-15-game-against-seattle-seahawks
Jalen Royals,00-0040646,2025,15,KC,active,"Chiefs inactives: M. Brown, Wiley, McDuffie, E. Mitchell, T. Smith, J. Taylor, Pickens",https://www.chiefs.com/news/week-15-inactive-players-chiefs-vs-chargers
Mac Jones,00-0036972,2025,17,SF,active,"QB2 behind Purdy; 49ers inactives: Watkins, Beal, Guerendo, Givens, R. Green, C. Robinson, Kittle",https://www.49ers.com/news/george-kittle-out-ricky-pearsall-active-vs-bears-inactives-for-week-17-chivssf
