season,week,player_id,gsis_id,full_name,position,nfl_team,injury_status,injury_body_part,status,on_bye,played,captures,captured_at_utc,finalized_at_utc
2026,1,10213,00-0038563,Tre Tucker,WR,LV,,,Active,false,true,7,2026-09-10T18:37:30.044234+00:00,2026-09-15T10:09:26.227627+00:00
2026,1,10219,00-0038611,Chris Rodriguez,RB,JAX,,,Active,false,true,9,2026-09-09T18:47:33.095331+00:00,2026-09-15T10:09:26.227627+00:00
2026,1,10222,00-0039146,Jayden Reed,WR,GB,,,Active,false,true,9,2026-09-09T18:47:33.095331+00:00,2026-09-15T10:09:26.227627+00:00
2026,1,10229,00-0039067,Rashee Rice,WR,KC,,,Active,false,true,9,2026-09-09T18:47:33.095331+00:00,2026-09-15T10:09:26.227627+00:00
2026,1,10232,00-0038559,Michael Wilson,WR,ARI,,,Active,false,true,9,2026-09-09T18:47:33.095331+00:00,2026-09-15T10:09:26.227627+00:00
2026,1,10236,00-0038933,Dalton Kincaid,TE,BUF,,,Active,false,true,9,2026-09-09T18:47:33.095331+00:00,2026-09-15T10:09:26.227627+00:00
2026,1,10859,00-0039065,Sam LaPorta,TE,DET,Questionable,Hip,Active,false,true,9,2026-09-09T18:47:33.095331+00:00,2026-09-15T10:09:26.227627+00:00
2026,1,11559,00-0039917,Michael Penix,QB,ATL,Out,Knee - ACL,Active,false,,9,2026-09-09T18:47:33.095331+00:00,2026-09-15T10:09:26.227627+00:00
2026,1,11560,00-0039918,Caleb Williams,QB,CHI,,,Active,false,true,9,2026-09-09T18:47:33.095331+00:00,2026-09-15T10:09:26.227627+00:00
2026,1,11563,00-0039732,Bo Nix,QB,DEN,,,Active,false,true,9,2026-09-09T18:47:33.095331+00:00,2026-09-15T10:09:26.227627+00:00
2026,1,11564,00-0039851,Drake Maye,QB,NE,,,Active,false,true,9,2026-09-09T18:47:33.095331+00:00,2026-09-15T10:09:26.227627+00:00
2026,1,11565,00-0039923,J.J. McCarthy,QB,MIN,Out,Coach's Decision,Active,false,,9,2026-09-13T21:34:11.139457+00:00,2026-09-15T10:09:26.227627+00:00
2026,1,11566,00-0039910,Jayden Daniels,QB,WAS,,,Active,false,true,9,2026-09-09T18:47:33.095331+00:00,2026-09-15T10:09:26.227627+00:00
2026,1,11571,00-0039798,Isaiah Davis,RB,NYJ,Questionable,Knee,Active,false,true,9,2026-09-09T18:47:33.095331+00:00,2026-09-15T10:09:26.227627+00:00
2026,1,11575,00-0039875,Ray Davis,RB,BUF,,,Active,false,true,7,2026-09-10T18:37:30.044234+00:00,2026-09-15T10:09:26.227627+00:00
2026,1,11576,00-0039794,Braelon Allen,RB,NYJ,,,Active,false,true,9,2026-09-09T18:47:33.095331+00:00,2026-09-15T10:09:26.227627+00:00
2026,1,11581,00-0039811,MarShawn Lloyd,RB,GB,,,Active,false,true,9,2026-09-09T18:47:33.095331+00:00,2026-09-15T10:09:26.227627+00:00
2026,1,11583,00-0039344,Jonathon Brooks,RB,CAR,Questionable,Undisclosed,Active,false,true,9,2026-09-09T18:47:33.095331+00:00,2026-09-15T10:09:26.227627+00:00
2026,1,11584,00-0039361,Bucky Irving,RB,TB,,,Active,false,true,9,2026-09-09T18:47:33.095331+00:00,2026-09-15T10:09:26.227627+00:00
2026,1,11586,00-0039738,Blake Corum,RB,LAR,,,Active,false,true,9,2026-09-09T18:47:33.095331+00:00,2026-09-15T10:09:26.227627+00:00
2026,1,11597,00-0039847,Theo Johnson,TE,NYG,Questionable,Undisclosed,Active,false,true,9,2026-09-09T18:47:33.095331+00:00,2026-09-15T10:09:26.227627+00:00
2026,1,11603,00-0039793,AJ Barner,TE,SEA,,,Active,false,true,9,2026-09-09T18:47:33.095331+00:00,2026-09-15T10:09:26.227627+00:00
2026,1,11604,00-0039338,Brock Bowers,TE,LV,Out,Knee - Meniscus,Active,false,,9,2026-09-13T18:17:37.991878+00:00,2026-09-15T10:09:26.227627+00:00
2026,1,11618,00-0039855,Jalen McMillan,WR,TB,Out,Knee,Active,false,,9,2026-09-13T18:17:37.991878+00:00,2026-09-15T10:09:26.227627+00:00
2026,1,11620,00-0039919,Rome Odunze,WR,CHI,Questionable,Leg,Active,false,true,9,2026-09-09T18:47:33.095331+00:00,2026-09-15T10:09:26.227627+00:00
2026,1,11624,00-0039894,Xavier Worthy,WR,KC,,,Active,false,true,9,2026-09-09T18:47:33.095331+00:00,2026-09-15T10:09:26.227627+00:00
2026,1,11625,00-0039890,Adonai Mitchell,WR,NYJ,,,Active,false,true,9,2026-09-09T18:47:33.095331+00:00,2026-09-15T10:09:26.227627+00:00
2026,1,11627,00-0039868,Troy Franklin,WR,DEN,,,Active,false,true,9,2026-09-09T18:47:33.095331+00:00,2026-09-15T10:09:26.227627+00:00
2026,1,11628,00-0039849,Marvin Harrison,WR,ARI,,,Active,false,true,9,2026-09-09T18:47:33.095331+00:00,2026-09-15T10:09:26.227627+00:00
2026,1,11631,00-0039893,Brian Thomas,WR,JAX,,,Active,false,true,9,2026-09-09T18:47:33.095331+00:00,2026-09-15T10:09:26.227627+00:00
2026,1,11632,00-0039337,Malik Nabers,WR,NYG,Questionable,Knee - ACL,Active,false,true,9,2026-09-09T18:47:33.095331+00:00,2026-09-15T10:09:26.227627+00:00
2026,1,11635,00-0039915,Ladd McConkey,WR,LAC,,,Active,false,true,9,2026-09-09T18:47:33.095331+00:00,2026-09-15T10:09:26.227627+00:00
2026,1,11637,00-0039901,Keon Coleman,WR,BUF,Questionable,Foot,Active,false,true,9,2026-09-09T18:47:33.095331+00:00,2026-09-15T10:09:26.227627+00:00
2026,1,11638,00-0039916,Ricky Pearsall,WR,SF,IR,Knee - PCL,Inactive,false,,9,2026-09-09T18:47:33.095331+00:00,2026-09-15T10:09:26.227627+00:00
2026,1,11643,00-0039874,Jaylen Wright,RB,MIA,,,Active,false,true,9,2026-09-09T18:47:33.095331+00:00,2026-09-15T10:09:26.227627+00:00
2026,1,11646,00-0039491,Jalen Coker,WR,CAR,,,Active,false,true,9,2026-09-09T18:47:33.095331+00:00,2026-09-15T10:09:26.227627+00:00
2026,1,11655,00-0039384,Tyrone Tracy,RB,NYG,Questionable,Neck,Active,false,true,9,2026-09-09T18:47:33.095331+00:00,2026-09-15T10:09:26.227627+00:00
2026,1,11834,00-0039424,Devaughn Vele,WR,NO,,,Active,false,true,9,2026-09-09T18:47:33.095331+00:00,2026-09-15T10:09:26.227627+00:00
2026,1,12469,00-0040162,Dylan Sampson,RB,CLE,Out,Knee,Active,false,true,9,2026-09-13T18:17:37.991878+00:00,2026-09-15T10:09:26.227627+00:00
2026,1,12470,00-0040206,Riley Leonard,QB,IND,Out,Coach's Decision,Active,false,,9,2026-09-13T18:17:37.991878+00:00,2026-09-15T10:09:26.227627+00:00
2026,1,12471,00-0040179,DJ Giddens,RB,IND,Out,Coach's Decision,Active,false,,9,2026-09-13T18:17:37.991878+00:00,2026-09-15T10:09:26.227627+00:00
2026,1,12474,00-0040583,Woody Marks,RB,HOU,,,Active,false,true,9,2026-09-09T18:47:33.095331+00:00,2026-09-15T10:09:26.227627+00:00
2026,1,12481,00-0040715,Cam Skattebo,RB,NYG,,,Active,false,true,9,2026-09-09T18:47:33.095331+00:00,2026-09-15T10:09:26.227627+00:00
2026,1,12483,00-0040729,Jack Bech,WR,LV,,,Active,false,true,9,2026-09-09T18:47:33.095331+00:00,2026-09-15T10:09:26.227627+00:00
2026,1,12484,00-0040130,Jayden Higgins,WR,HOU,IR,Knee - ACL,Inactive,false,,9,2026-09-09T18:47:33.095331+00:00,2026-09-15T10:09:26.227627+00:00
2026,1,12485,00-0040237,Tez Johnson,WR,TB,,,Active,false,true,9,2026-09-09T18:47:33.095331+00:00,2026-09-15T10:09:26.227627+00:00
2026,1,12487,00-0040737,Terrance Ferguson,TE,LAR,,,Active,false,true,9,2026-09-09T18:47:33.095331+00:00,2026-09-15T10:09:26.227627+00:00
2026,1,12489,00-0040730,RJ Harvey,RB,DEN,,,Active,false,true,9,2026-09-09T18:47:33.095331+00:00,2026-09-15T10:09:26.227627+00:00
2026,1,12490,00-0040719,Bhayshul Tuten,RB,JAX,Questionable,Illness,Active,false,true,9,2026-09-09T18:47:33.095331+00:00,2026-09-15T10:09:26.227627+00:00
2026,1,12492,00-0040134,Pat Bryant,WR,DEN,,,Active,false,true,9,2026-09-09T18:47:33.095331+00:00,2026-09-15T10:09:26.227627+00:00
2026,1,12493,00-0040189,Oronde Gadsden,TE,LAC,,,Active,false,true,9,2026-09-09T18:47:33.095331+00:00,2026-09-15T10:09:26.227627+00:00
2026,1,12495,00-0040198,Ollie Gordon,RB,MIA,Questionable,Undisclosed,Active,false,true,9,2026-09-09T18:47:33.095331+00:00,2026-09-15T10:09:26.227627+00:00
2026,1,12497,00-0040648,Tory Horton,WR,SEA,Out,Hamstring,Active,false,,9,2026-09-10T18:37:30.044234+00:00,2026-09-15T10:09:26.227627+00:00
2026,1,12498,00-0040736,Mason Taylor,TE,NYJ,,,Active,false,true,9,2026-09-09T18:47:33.095331+00:00,2026-09-15T10:09:26.227627+00:00
2026,1,12499,00-0040170,Elic Ayomanor,WR,TEN,,,Active,false,true,9,2026-09-09T18:47:33.095331+00:00,2026-09-15T10:09:26.227627+00:00
2026,1,12500,00-0040234,Quinn Ewers,QB,JAX,Out,Coach's Decision,Active,false,,9,2026-09-13T18:17:37.991878+00:00,2026-09-15T10:09:26.227627+00:00
2026,1,12501,00-0040667,Matthew Golden,WR,GB,,,Active,false,true,9,2026-09-09T18:47:33.095331+00:00,2026-09-15T10:09:26.227627+00:00
2026,1,12502,00-0040584,Gunnar Helm,TE,TEN,,,Active,false,true,9,2026-09-09T18:47:33.095331+00:00,2026-09-15T10:09:26.227627+00:00
2026,1,12504,00-0040142,Kaleb Johnson,RB,GB,,,Active,false,true,9,2026-09-09T18:47:33.095331+00:00,2026-09-15T10:09:26.227627+00:00
2026,1,12506,00-0040663,Harold Fannin,TE,CLE,,,Active,false,true,9,2026-09-09T18:47:33.095331+00:00,2026-09-15T10:09:26.227627+00:00
2026,1,12507,00-0040666,Omarion Hampton,RB,LAC,,,Active,false,true,9,2026-09-09T18:47:33.095331+00:00,2026-09-15T10:09:26.227627+00:00
2026,1,12508,00-0040691,Jaxson Dart,QB,NYG,,,Active,false,true,9,2026-09-09T18:47:33.095331+00:00,2026-09-15T10:09:26.227627+00:00
2026,1,12509,00-0040727,Tre' Harris,WR,LAC,Questionable,Undisclosed,Active,false,true,9,2026-09-09T18:47:33.095331+00:00,2026-09-15T10:09:26.227627+00:00
2026,1,12512,00-0040784,Quinshon Judkins,RB,CLE,,,Active,false,true,9,2026-09-09T18:47:33.095331+00:00,2026-09-15T10:09:26.227627+00:00
2026,1,12514,00-0040129,Emeka Egbuka,WR,TB,Questionable,Undisclosed,Active,false,true,9,2026-09-09T18:47:33.095331+00:00,2026-09-15T10:09:26.227627+00:00
2026,1,12517,00-0040126,Colston Loveland,TE,CHI,,,Active,false,true,9,2026-09-09T18:47:33.095331+00:00,2026-09-15T10:09:26.227627+00:00
2026,1,12518,00-0040128,Tyler Warren,TE,IND,Questionable,Groin,Active,false,true,9,2026-09-09T18:47:33.095331+00:00,2026-09-15T10:09:26.227627+00:00
2026,1,12519,00-0040735,Luther Burden,WR,CHI,Questionable,Lower Body,Active,false,true,9,2026-09-09T18:47:33.095331+00:00,2026-09-15T10:09:26.227627+00:00
2026,1,12522,00-0040676,Cam Ward,QB,TEN,,,Active,false,true,9,2026-09-09T18:47:33.095331+00:00,2026-09-15T10:09:26.227627+00:00
2026,1,12524,00-0040668,Shedeur Sanders,QB,CLE,,,Active,false,true,9,2026-09-09T18:47:33.095331+00:00,2026-09-15T10:09:26.227627+00:00
2026,1,12526,00-0040124,Tetairoa McMillan,WR,CAR,,,Active,false,true,9,2026-09-09T18:47:33.095331+00:00,2026-09-15T10:09:26.227627+00:00
2026,1,12527,00-0040122,Ashton Jeanty,RB,LV,Questionable,Knee,Active,false,true,9,2026-09-09T18:47:33.095331+00:00,2026-09-15T10:09:26.227627+00:00
2026,1,12529,00-0040734,TreVeyon Henderson,RB,NE,Out,Ankle,Active,false,,9,2026-09-09T18:47:33.095331+00:00,2026-09-15T10:09:26.227627+00:00
2026,1,12530,00-0040718,Travis Hunter,WR,JAX,,,Active,false,true,9,2026-09-09T18:47:33.095331+00:00,2026-09-15T10:09:26.227627+00:00
2026,1,12531,00-0040644,Trevor Etienne,RB,CAR,IR,Ankle,Inactive,false,,9,2026-09-09T18:47:33.095331+00:00,2026-09-15T10:09:26.227627+00:00
2026,1,12533,00-0040242,Jacory Croskey-Merritt,RB,WAS,Questionable,Undisclosed,Active,false,true,9,2026-09-09T18:47:33.095331+00:00,2026-09-15T10:09:26.227627+00:00
2026,1,12534,00-0040236,Kyle Monangai,RB,CHI,Questionable,Knee,Active,false,true,9,2026-09-09T18:47:33.095331+00:00,2026-09-15T10:09:26.227627+00:00
2026,1,12536,00-0040138,Jaylin Noel,WR,HOU,Questionable,Hamstring,Active,false,true,9,2026-09-09T18:47:33.095331+00:00,2026-09-15T10:09:26.227627+00:00
2026,1,12543,00-0040208,Tahj Brooks,RB,CIN,,,Active,false,true,9,2026-09-09T18:47:33.095331+00:00,2026-09-15T10:09:26.227627+00:00
2026,1,12545,00-0040743,Tyler Shough,QB,NO,,,Active,false,true,9,2026-09-09T18:47:33.095331+00:00,2026-09-15T10:09:26.227627+00:00
2026,1,12641,00-0040164,Jaylin Lane,WR,WAS,,,Active,false,true,9,2026-09-09T18:47:33.095331+00:00,2026-09-15T10:09:26.227627+00:00
2026,1,13268,00-0040876,Elijah Sarratt,WR,BAL,Out,Coach's Decision,Active,false,,9,2026-09-13T18:17:37.991878+00:00,2026-09-15T10:09:26.227627+00:00
2026,1,13269,00-0041562,Fernando Mendoza,QB,LV,,,Active,false,true,9,2026-09-09T18:47:33.095331+00:00,2026-09-15T10:09:26.227627+00:00
2026,1,13272,00-0041561,Carson Beck,QB,ARI,Out,Coach's Decision,Active,false,,9,2026-09-13T21:34:11.139457+00:00,2026-09-15T10:09:26.227627+00:00
2026,1,13274,00-0041489,Germie Bernard,WR,PIT,,,Active,false,true,9,2026-09-09T18:47:33.095331+00:00,2026-09-15T10:09:26.227627+00:00
2026,1,13275,00-0041568,Ty Simpson,QB,LAR,Out,Coach's Decision,Active,false,,9,2026-09-13T18:17:37.991878+00:00,2026-09-15T10:09:26.227627+00:00
2026,1,13276,00-0041511,Omar Cooper,WR,NYJ,Out,Ankle,Active,false,true,9,2026-09-13T21:34:11.139457+00:00,2026-09-15T10:09:26.227627+00:00
2026,1,13278,00-0041510,Max Klare,TE,LAR,Out,Coach's Decision,Active,false,,9,2026-09-13T18:17:37.991878+00:00,2026-09-15T10:09:26.227627+00:00
2026,1,13279,00-0041438,Carnell Tate,WR,TEN,Questionable,Undisclosed,Active,false,true,9,2026-09-09T18:47:33.095331+00:00,2026-09-15T10:09:26.227627+00:00
2026,1,13281,00-0041029,Jordyn Tyson,WR,NO,IR,Hamstring,Inactive,false,,9,2026-09-09T18:47:33.095331+00:00,2026-09-15T10:09:26.227627+00:00
2026,1,13285,00-0041042,Malachi Fields,WR,NYG,,,Active,false,true,9,2026-09-09T18:47:33.095331+00:00,2026-09-15T10:09:26.227627+00:00
2026,1,13286,00-0041512,Jadarian Price,RB,SEA,,,Active,false,true,9,2026-09-09T18:47:33.095331+00:00,2026-09-15T10:09:26.227627+00:00
2026,1,13287,00-0041027,Jeremiyah Love,RB,ARI,Questionable,Ankle,Active,false,true,9,2026-09-09T18:47:33.095331+00:00,2026-09-15T10:09:26.227627+00:00
2026,1,13288,00-0040886,Nicholas Singleton,RB,TEN,Out,Coach's Decision,Active,false,,9,2026-09-13T18:17:37.991878+00:00,2026-09-15T10:09:26.227627+00:00
2026,1,13289,00-0041565,Drew Allar,QB,PIT,Out,Coach's Decision,Active,false,,9,2026-09-13T18:17:37.991878+00:00,2026-09-15T10:09:26.227627+00:00
2026,1,13293,00-0040870,Ja'Kobi Lane,WR,BAL,Out,Wrist,Active,false,true,9,2026-09-13T21:34:11.139457+00:00,2026-09-15T10:09:26.227627+00:00
2026,1,13294,00-0040867,Makai Lemon,WR,PHI,,,Active,false,true,9,2026-09-09T18:47:33.095331+00:00,2026-09-15T10:09:26.227627+00:00
2026,1,13296,00-0041523,Caleb Douglas,WR,MIA,,,Active,false,true,9,2026-09-09T18:47:33.095331+00:00,2026-09-15T10:09:26.227627+00:00
2026,1,13298,00-0041547,KC Concepcion,WR,CLE,,,Active,false,true,9,2026-09-09T18:47:33.095331+00:00,2026-09-15T10:09:26.227627+00:00
2026,1,13301,00-0041040,Antonio Williams,WR,WAS,,,Active,false,true,9,2026-09-09T18:47:33.095331+00:00,2026-09-15T10:09:26.227627+00:00
2026,1,13302,00-0040888,Adam Randall,RB,BAL,IR,Undisclosed,Inactive,false,,9,2026-09-09T18:47:33.095331+00:00,2026-09-15T10:09:26.227627+00:00
2026,1,13305,,Mike Washington,RB,LV,,,Active,false,true,9,2026-09-09T18:47:33.095331+00:00,2026-09-15T10:09:26.227627+00:00
2026,1,13306,00-0041092,Taylen Green,QB,CLE,Out,Coach's Decision,Active,false,,7,2026-09-13T18:17:37.991878+00:00,2026-09-15T10:09:26.227627+00:00
2026,1,13311,00-0041525,Chris Bell,WR,MIA,,,Active,false,true,9,2026-09-09T18:47:33.095331+00:00,2026-09-15T10:09:26.227627+00:00
2026,1,13317,00-0041048,Ted Hurst,WR,TB,,,Active,false,true,9,2026-09-09T18:47:33.095331+00:00,2026-09-15T10:09:26.227627+00:00
2026,1,13319,00-0041041,Oscar Delp,TE,NO,Out,Hamstring,Active,false,,7,2026-09-13T18:17:37.991878+00:00,2026-09-15T10:09:26.227627+00:00
2026,1,13320,00-0041044,Zachariah Branch,WR,ATL,,,Active,false,true,9,2026-09-09T18:47:33.095331+00:00,2026-09-15T10:09:26.227627+00:00
2026,1,13330,00-0041032,Kenyon Sadiq,TE,NYJ,Questionable,Abdomen,Active,false,true,9,2026-09-09T18:47:33.095331+00:00,2026-09-15T10:09:26.227627+00:00
2026,1,13337,00-0041013,Emmett Johnson,RB,KC,,,Active,false,true,9,2026-09-09T18:47:33.095331+00:00,2026-09-15T10:09:26.227627+00:00
2026,1,13345,00-0041496,Jonah Coleman,RB,DEN,,,Active,false,true,9,2026-09-09T18:47:33.095331+00:00,2026-09-15T10:09:26.227627+00:00
2026,1,13346,00-0041037,Denzel Boston,WR,CLE,,,Active,false,true,9,2026-09-09T18:47:33.095331+00:00,2026-09-15T10:09:26.227627+00:00
2026,1,13349,00-0041483,Eli Stowers,TE,PHI,IR,Hamstring,Inactive,false,,9,2026-09-13T18:17:37.991878+00:00,2026-09-15T10:09:26.227627+00:00
2026,1,13353,00-0041047,Chris Brazzell,WR,CAR,IR,Knee,Inactive,false,,9,2026-09-09T18:47:33.095331+00:00,2026-09-15T10:09:26.227627+00:00
2026,1,13402,00-0041443,Skyler Bell,WR,BUF,Out,Coach's Decision,Active,false,,9,2026-09-13T18:17:37.991878+00:00,2026-09-15T10:09:26.227627+00:00
2026,1,13405,00-0041096,Kaytron Allen,RB,WAS,,,Active,false,true,9,2026-09-09T18:47:33.095331+00:00,2026-09-15T10:09:26.227627+00:00
2026,1,13408,00-0041084,Tanner Koziol,TE,JAX,Out,Coach's Decision,Active,false,,9,2026-09-13T18:17:37.991878+00:00,2026-09-15T10:09:26.227627+00:00
2026,1,13411,00-0041051,Zavion Thomas,WR,CHI,,,Active,false,true,5,2026-09-13T18:17:37.991878+00:00,2026-09-15T10:09:26.227627+00:00
2026,1,13413,00-0040890,Cyrus Allen,WR,KC,,,Active,false,true,9,2026-09-09T18:47:33.095331+00:00,2026-09-15T10:09:26.227627+00:00
2026,1,13414,00-0041052,Kaelon Black,RB,SF,,,Active,false,true,9,2026-09-09T18:47:33.095331+00:00,2026-09-15T10:09:26.227627+00:00
2026,1,13417,00-0041035,De'Zhaun Stribling,WR,SF,Out,Ankle,Active,false,true,9,2026-09-13T18:17:37.991878+00:00,2026-09-15T10:09:26.227627+00:00
2026,1,13421,00-0041395,Eli Raridon,TE,NE,,,Active,false,true,9,2026-09-09T18:47:33.095331+00:00,2026-09-15T10:09:26.227627+00:00
2026,1,13423,00-0041490,Eli Heidenreich,RB,PIT,,,Active,false,true,5,2026-09-13T18:17:37.991878+00:00,2026-09-15T10:09:26.227627+00:00
2026,1,13424,00-0041125,Seth McGowan,RB,IND,,,Active,false,true,9,2026-09-09T18:47:33.095331+00:00,2026-09-15T10:09:26.227627+00:00
2026,1,13434,00-0041524,Will Kacmarek,TE,MIA,,,Active,false,true,9,2026-09-09T18:47:33.095331+00:00,2026-09-15T10:09:26.227627+00:00
2026,1,13602,,Jack Strand,QB,ATL,,,Active,false,true,7,2026-09-10T18:37:30.044234+00:00,2026-09-15T10:09:26.227627+00:00
2026,1,1373,00-0030565,Geno Smith,QB,NYJ,,,Active,false,true,9,2026-09-09T18:47:33.095331+00:00,2026-09-15T10:09:26.227627+00:00
2026,1,1466,00-0030506,Travis Kelce,TE,KC,,,Active,false,true,9,2026-09-09T18:47:33.095331+00:00,2026-09-15T10:09:26.227627+00:00
2026,1,2133,00-0031381,Davante Adams,WR,LAR,,,Active,false,true,9,2026-09-09T18:47:33.095331+00:00,2026-09-15T10:09:26.227627+00:00
2026,1,2216,00-0031408,Mike Evans,WR,SF,,,Active,false,true,9,2026-09-09T18:47:33.095331+00:00,2026-09-15T10:09:26.227627+00:00
2026,1,2449,00-0031588,Stefon Diggs,WR,WAS,,,Active,false,true,9,2026-09-09T18:47:33.095331+00:00,2026-09-15T10:09:26.227627+00:00
2026,1,3163,00-0033106,Jared Goff,QB,DET,,,Active,false,true,9,2026-09-09T18:47:33.095331+00:00,2026-09-15T10:09:26.227627+00:00
2026,1,3198,00-0032764,Derrick Henry,RB,BAL,,,Active,false,true,9,2026-09-09T18:47:33.095331+00:00,2026-09-15T10:09:26.227627+00:00
2026,1,3294,00-0033077,Dak Prescott,QB,DAL,,,Active,false,true,9,2026-09-09T18:47:33.095331+00:00,2026-09-15T10:09:26.227627+00:00
2026,1,4017,00-0033537,Deshaun Watson,QB,CLE,,,Active,false,true,9,2026-09-09T18:47:33.095331+00:00,2026-09-15T10:09:26.227627+00:00
2026,1,4033,00-0033885,David Njoku,TE,LAC,,,Active,false,true,9,2026-09-09T18:47:33.095331+00:00,2026-09-15T10:09:26.227627+00:00
2026,1,4034,00-0033280,Christian McCaffrey,RB,SF,,,Active,false,true,9,2026-09-09T18:47:33.095331+00:00,2026-09-15T10:09:26.227627+00:00
2026,1,4035,00-0033906,Alvin Kamara,RB,NO,Out,Knee - MCL,Active,false,,9,2026-09-13T18:17:37.991878+00:00,2026-09-15T10:09:26.227627+00:00
2026,1,4037,00-0033921,Chris Godwin,WR,TB,,,Active,false,true,9,2026-09-09T18:47:33.095331+00:00,2026-09-15T10:09:26.227627+00:00
2026,1,4046,00-0033873,Patrick Mahomes,QB,KC,Questionable,Knee - ACL,Active,false,true,9,2026-09-09T18:47:33.095331+00:00,2026-09-15T10:09:26.227627+00:00
2026,1,4199,00-0033293,Aaron Jones,RB,MIN,,,Active,false,true,9,2026-09-09T18:47:33.095331+00:00,2026-09-15T10:09:26.227627+00:00
2026,1,421,00-0026498,Matthew Stafford,QB,LAR,,,Active,false,true,9,2026-09-09T18:47:33.095331+00:00,2026-09-15T10:09:26.227627+00:00
2026,1,4217,00-0033288,George Kittle,TE,SF,Questionable,Achilles,Active,false,true,9,2026-09-09T18:47:33.095331+00:00,2026-09-15T10:09:26.227627+00:00
2026,1,4574,00-0033662,Cooper Rush,QB,ATL,,,Active,false,true,5,2026-09-13T18:17:37.991878+00:00,2026-09-15T10:09:26.227627+00:00
2026,1,4866,00-0034844,Saquon Barkley,RB,PHI,,,Active,false,true,9,2026-09-09T18:47:33.095331+00:00,2026-09-15T10:09:26.227627+00:00
2026,1,4881,00-0034796,Lamar Jackson,QB,BAL,,,Active,false,true,9,2026-09-09T18:47:33.095331+00:00,2026-09-15T10:09:26.227627+00:00
2026,1,4892,00-0034855,Baker Mayfield,QB,TB,,,Active,false,true,9,2026-09-09T18:47:33.095331+00:00,2026-09-15T10:09:26.227627+00:00
2026,1,4943,00-0034869,Sam Darnold,QB,SEA,Out,Hip,Active,false,true,9,2026-09-10T18:37:30.044234+00:00,2026-09-15T10:09:26.227627+00:00
2026,1,4983,00-0034827,DJ Moore,WR,BUF,,,Active,false,true,9,2026-09-09T18:47:33.095331+00:00,2026-09-15T10:09:26.227627+00:00
2026,1,4984,00-0034857,Josh Allen,QB,BUF,,,Active,false,true,9,2026-09-09T18:47:33.095331+00:00,2026-09-15T10:09:26.227627+00:00
2026,1,5001,00-0034383,Dalton Schultz,TE,HOU,,,Active,false,true,9,2026-09-09T18:47:33.095331+00:00,2026-09-15T10:09:26.227627+00:00
2026,1,5012,00-0034753,Mark Andrews,TE,BAL,,,Active,false,true,9,2026-09-09T18:47:33.095331+00:00,2026-09-15T10:09:26.227627+00:00
2026,1,5022,00-0034351,Dallas Goedert,TE,PHI,,,Active,false,true,9,2026-09-09T18:47:33.095331+00:00,2026-09-15T10:09:26.227627+00:00
2026,1,5045,00-0034348,Courtland Sutton,WR,DEN,,,Active,false,true,9,2026-09-09T18:47:33.095331+00:00,2026-09-15T10:09:26.227627+00:00
2026,1,5844,00-0035229,T.J. Hockenson,TE,MIN,,,Active,false,true,9,2026-09-09T18:47:33.095331+00:00,2026-09-15T10:09:26.227627+00:00
2026,1,5846,00-0035640,DK Metcalf,WR,PIT,Questionable,Undisclosed,Active,false,true,9,2026-09-09T18:47:33.095331+00:00,2026-09-15T10:09:26.227627+00:00
2026,1,5849,00-0035228,Kyler Murray,QB,MIN,Out,Concussion,Active,false,true,9,2026-09-13T21:34:11.139457+00:00,2026-09-15T10:09:26.227627+00:00
2026,1,5850,00-0035700,Josh Jacobs,RB,GB,NA,Groin,Active,false,,9,2026-09-09T18:47:33.095331+00:00,2026-09-15T10:09:26.227627+00:00
2026,1,5859,00-0035676,A.J. Brown,WR,NE,Out,Ankle,Active,false,true,9,2026-09-10T18:37:30.044234+00:00,2026-09-15T10:09:26.227627+00:00
2026,1,5870,00-0035710,Daniel Jones,QB,IND,,,Active,false,true,9,2026-09-09T18:47:33.095331+00:00,2026-09-15T10:09:26.227627+00:00
2026,1,5872,00-0035719,Deebo Samuel,WR,SF,,,Active,false,true,9,2026-09-09T18:47:33.095331+00:00,2026-09-15T10:09:26.227627+00:00
2026,1,5892,00-0035685,David Montgomery,RB,HOU,,,Active,false,true,9,2026-09-09T18:47:33.095331+00:00,2026-09-15T10:09:26.227627+00:00
2026,1,5927,00-0035659,Terry McLaurin,WR,WAS,,,Active,false,true,9,2026-09-09T18:47:33.095331+00:00,2026-09-15T10:09:26.227627+00:00
2026,1,5947,00-0034960,Jakobi Meyers,WR,JAX,Questionable,Hand,Active,false,true,9,2026-09-09T18:47:33.095331+00:00,2026-09-15T10:09:26.227627+00:00
2026,1,5967,00-0035261,Tony Pollard,RB,TEN,,,Active,false,true,9,2026-09-09T18:47:33.095331+00:00,2026-09-15T10:09:26.227627+00:00
2026,1,6768,00-0036212,Tua Tagovailoa,QB,ATL,Out,Oblique,Active,false,,9,2026-09-13T18:17:37.991878+00:00,2026-09-15T10:09:26.227627+00:00
2026,1,6770,00-0036442,Joe Burrow,QB,CIN,,,Active,false,true,9,2026-09-09T18:47:33.095331+00:00,2026-09-15T10:09:26.227627+00:00
2026,1,6786,00-0036358,CeeDee Lamb,WR,DAL,,,Active,false,true,9,2026-09-09T18:47:33.095331+00:00,2026-09-15T10:09:26.227627+00:00
2026,1,6790,00-0036275,D'Andre Swift,RB,CHI,Questionable,Abdomen,Active,false,true,9,2026-09-09T18:47:33.095331+00:00,2026-09-15T10:09:26.227627+00:00
2026,1,6794,00-0036322,Justin Jefferson,WR,MIN,,,Active,false,true,9,2026-09-09T18:47:33.095331+00:00,2026-09-15T10:09:26.227627+00:00
2026,1,6797,00-0036355,Justin Herbert,QB,LAC,,,Active,false,true,9,2026-09-09T18:47:33.095331+00:00,2026-09-15T10:09:26.227627+00:00
2026,1,6801,00-0036410,Tee Higgins,WR,CIN,Questionable,Heel,Active,false,true,9,2026-09-09T18:47:33.095331+00:00,2026-09-15T10:09:26.227627+00:00
2026,1,6803,00-0036261,Brandon Aiyuk,WR,SF,DNR,Knee - ACL + MCL,Active,false,,9,2026-09-09T18:47:33.095331+00:00,2026-09-15T10:09:26.227627+00:00
2026,1,6804,00-0036264,Jordan Love,QB,GB,,,Active,false,true,9,2026-09-09T18:47:33.095331+00:00,2026-09-15T10:09:26.227627+00:00
2026,1,6806,00-0036158,J.K. Dobbins,RB,DEN,,,Active,false,true,9,2026-09-09T18:47:33.095331+00:00,2026-09-15T10:09:26.227627+00:00
2026,1,6813,00-0036223,Jonathan Taylor,RB,IND,,,Active,false,true,9,2026-09-09T18:47:33.095331+00:00,2026-09-15T10:09:26.227627+00:00
2026,1,6819,00-0036252,Michael Pittman,WR,PIT,Questionable,Leg,Active,false,true,9,2026-09-09T18:47:33.095331+00:00,2026-09-15T10:09:26.227627+00:00
2026,1,6904,00-0036389,Jalen Hurts,QB,PHI,,,Active,false,true,9,2026-09-09T18:47:33.095331+00:00,2026-09-15T10:09:26.227627+00:00
2026,1,7002,00-0036040,Juwan Johnson,TE,NO,,,Active,false,true,9,2026-09-09T18:47:33.095331+00:00,2026-09-15T10:09:26.227627+00:00
2026,1,7021,00-0036139,Rico Dowdle,RB,PIT,,,Active,false,true,9,2026-09-09T18:47:33.095331+00:00,2026-09-15T10:09:26.227627+00:00
2026,1,7523,00-0036971,Trevor Lawrence,QB,JAX,,,Active,false,true,9,2026-09-09T18:47:33.095331+00:00,2026-09-15T10:09:26.227627+00:00
2026,1,7525,00-0036912,DeVonta Smith,WR,PHI,,,Active,false,true,9,2026-09-09T18:47:33.095331+00:00,2026-09-15T10:09:26.227627+00:00
2026,1,7526,00-0036613,Jaylen Waddle,WR,DEN,,,Active,false,true,9,2026-09-09T18:47:33.095331+00:00,2026-09-15T10:09:26.227627+00:00
2026,1,7527,00-0036972,Mac Jones,QB,SF,,,Active,false,,9,2026-09-09T18:47:33.095331+00:00,2026-09-15T10:09:26.227627+00:00
2026,1,7543,00-0036973,Travis Etienne,RB,NO,,,Active,false,true,9,2026-09-09T18:47:33.095331+00:00,2026-09-15T10:09:26.227627+00:00
2026,1,7547,00-0036963,Amon-Ra St. Brown,WR,DET,,,Active,false,true,9,2026-09-09T18:47:33.095331+00:00,2026-09-15T10:09:26.227627+00:00
2026,1,7553,00-0036970,Kyle Pitts,TE,ATL,,,Active,false,true,9,2026-09-09T18:47:33.095331+00:00,2026-09-15T10:09:26.227627+00:00
2026,1,7564,00-0036900,Ja'Marr Chase,WR,CIN,Questionable,Knee,Active,false,true,9,2026-09-09T18:47:33.095331+00:00,2026-09-15T10:09:26.227627+00:00
2026,1,7567,00-0036919,Kenny Gainwell,RB,TB,,,Active,false,true,9,2026-09-09T18:47:33.095331+00:00,2026-09-15T10:09:26.227627+00:00
2026,1,7569,00-0036554,Nico Collins,WR,HOU,,,Active,false,true,9,2026-09-09T18:47:33.095331+00:00,2026-09-15T10:09:26.227627+00:00
2026,1,7588,00-0036997,Javonte Williams,RB,DAL,,,Active,false,true,9,2026-09-09T18:47:33.095331+00:00,2026-09-15T10:09:26.227627+00:00
2026,1,7594,00-0036555,Chuba Hubbard,RB,CAR,Questionable,Hamstring,Active,false,true,9,2026-09-09T18:47:33.095331+00:00,2026-09-15T10:09:26.227627+00:00
2026,1,7600,00-0036894,Pat Freiermuth,TE,PIT,,,Active,false,true,9,2026-09-09T18:47:33.095331+00:00,2026-09-15T10:09:26.227627+00:00
2026,1,7611,00-0036875,Rhamondre Stevenson,RB,NE,,,Active,false,true,9,2026-09-09T18:47:33.095331+00:00,2026-09-15T10:09:26.227627+00:00
2026,1,8110,00-0038041,Jake Ferguson,TE,DAL,,,Active,false,true,9,2026-09-09T18:47:33.095331+00:00,2026-09-15T10:09:26.227627+00:00
2026,1,8111,00-0038129,Cade Otton,TE,TB,,,Active,false,true,9,2026-09-09T18:47:33.095331+00:00,2026-09-15T10:09:26.227627+00:00
2026,1,8112,00-0037238,Drake London,WR,ATL,,,Active,false,true,9,2026-09-09T18:47:33.095331+00:00,2026-09-15T10:09:26.227627+00:00
2026,1,8121,00-0037816,Romeo Doubs,WR,NE,,,Active,false,true,9,2026-09-09T18:47:33.095331+00:00,2026-09-15T10:09:26.227627+00:00
2026,1,8126,00-0038117,Wan'Dale Robinson,WR,TEN,Questionable,Head,Active,false,true,9,2026-09-09T18:47:33.095331+00:00,2026-09-15T10:09:26.227627+00:00
2026,1,8130,00-0037744,Trey McBride,TE,ARI,,,Active,false,true,9,2026-09-09T18:47:33.095331+00:00,2026-09-15T10:09:26.227627+00:00
2026,1,8131,00-0037838,Isaiah Likely,TE,NYG,,,Active,false,true,9,2026-09-09T18:47:33.095331+00:00,2026-09-15T10:09:26.227627+00:00
2026,1,8132,00-0037263,Tyler Allgeier,RB,ARI,,,Active,false,true,9,2026-09-09T18:47:33.095331+00:00,2026-09-15T10:09:26.227627+00:00
2026,1,8134,00-0037261,Khalil Shakir,WR,BUF,Questionable,Undisclosed,Active,false,true,9,2026-09-09T18:47:33.095331+00:00,2026-09-15T10:09:26.227627+00:00
2026,1,8136,00-0037256,Rachaad White,RB,WAS,Questionable,Undisclosed,Active,false,true,9,2026-09-09T18:47:33.095331+00:00,2026-09-15T10:09:26.227627+00:00
2026,1,8137,00-0037247,George Pickens,WR,DAL,,,Active,false,true,9,2026-09-09T18:47:33.095331+00:00,2026-09-15T10:09:26.227627+00:00
2026,1,8138,00-0037248,James Cook,RB,BUF,,,Active,false,true,9,2026-09-09T18:47:33.095331+00:00,2026-09-15T10:09:26.227627+00:00
2026,1,8142,00-0037664,Alec Pierce,WR,IND,,,Active,false,true,9,2026-09-09T18:47:33.095331+00:00,2026-09-15T10:09:26.227627+00:00
2026,1,8144,00-0037239,Chris Olave,WR,NO,,,Active,false,true,9,2026-09-09T18:47:33.095331+00:00,2026-09-15T10:09:26.227627+00:00
2026,1,8146,00-0037740,Garrett Wilson,WR,NYJ,,,Active,false,true,9,2026-09-09T18:47:33.095331+00:00,2026-09-15T10:09:26.227627+00:00
2026,1,8148,00-0037240,Jameson Williams,WR,DET,,,Active,false,true,9,2026-09-09T18:47:33.095331+00:00,2026-09-15T10:09:26.227627+00:00
2026,1,8150,00-0037840,Kyren Williams,RB,LAR,,,Active,false,true,9,2026-09-09T18:47:33.095331+00:00,2026-09-15T10:09:26.227627+00:00
2026,1,8151,00-0038134,Kenneth Walker,RB,KC,,,Active,false,true,9,2026-09-09T18:47:33.095331+00:00,2026-09-15T10:09:26.227627+00:00
2026,1,8154,00-0037746,Brian Robinson,RB,ATL,,,Active,false,true,9,2026-09-09T18:47:33.095331+00:00,2026-09-15T10:09:26.227627+00:00
2026,1,8155,00-0038120,Breece Hall,RB,NYJ,Questionable,Thigh,Active,false,true,9,2026-09-09T18:47:33.095331+00:00,2026-09-15T10:09:26.227627+00:00
2026,1,8161,00-0038128,Malik Willis,QB,MIA,,,Active,false,true,9,2026-09-09T18:47:33.095331+00:00,2026-09-15T10:09:26.227627+00:00
2026,1,8167,00-0038124,Christian Watson,WR,GB,,,Active,false,true,9,2026-09-09T18:47:33.095331+00:00,2026-09-15T10:09:26.227627+00:00
2026,1,8183,00-0037834,Brock Purdy,QB,SF,,,Active,false,true,9,2026-09-09T18:47:33.095331+00:00,2026-09-15T10:09:26.227627+00:00
2026,1,8205,00-0037197,Isiah Pacheco,RB,DET,IR,Back,Inactive,false,,9,2026-09-09T18:47:33.095331+00:00,2026-09-15T10:09:26.227627+00:00
2026,1,8210,00-0037809,Chig Okonkwo,TE,WAS,,,Active,false,true,9,2026-09-09T18:47:33.095331+00:00,2026-09-15T10:09:26.227627+00:00
2026,1,8228,00-0037228,Jaylen Warren,RB,PIT,,,Active,false,true,9,2026-09-09T18:47:33.095331+00:00,2026-09-15T10:09:26.227627+00:00
2026,1,8408,00-0037525,Jordan Mason,RB,MIN,,,Active,false,true,9,2026-09-09T18:47:33.095331+00:00,2026-09-15T10:09:26.227627+00:00
2026,1,8676,00-0037545,Rashid Shaheed,WR,SEA,,,Active,false,true,9,2026-09-09T18:47:33.095331+00:00,2026-09-15T10:09:26.227627+00:00
2026,1,8800,00-0037563,Malik Davis,RB,DAL,IR,Hip,Inactive,false,,9,2026-09-13T18:17:37.991878+00:00,2026-09-15T10:09:26.227627+00:00
2026,1,9221,00-0039139,Jahmyr Gibbs,RB,DET,,,Active,false,true,9,2026-09-09T18:47:33.095331+00:00,2026-09-15T10:09:26.227627+00:00
2026,1,9224,00-0038597,Chase Brown,RB,CIN,,,Active,false,true,9,2026-09-09T18:47:33.095331+00:00,2026-09-15T10:09:26.227627+00:00
2026,1,9225,00-0038555,Tank Bigsby,RB,PHI,,,Active,false,true,9,2026-09-09T18:47:33.095331+00:00,2026-09-15T10:09:26.227627+00:00
2026,1,9226,00-0039040,De'Von Achane,RB,MIA,,,Active,false,true,9,2026-09-09T18:47:33.095331+00:00,2026-09-15T10:09:26.227627+00:00
2026,1,9228,00-0039150,Bryce Young,QB,CAR,,,Active,false,true,9,2026-09-09T18:47:33.095331+00:00,2026-09-15T10:09:26.227627+00:00
2026,1,9229,00-0039164,Anthony Richardson,QB,IND,,,Active,false,true,9,2026-09-09T18:47:33.095331+00:00,2026-09-15T10:09:26.227627+00:00
2026,1,9480,00-0038935,Brenton Strange,TE,JAX,,,Active,false,true,9,2026-09-09T18:47:33.095331+00:00,2026-09-15T10:09:26.227627+00:00
2026,1,9482,00-0039066,Michael Mayer,TE,LV,,,Active,false,true,9,2026-09-09T18:47:33.095331+00:00,2026-09-15T10:09:26.227627+00:00
2026,1,9484,00-0038996,Tucker Kraft,TE,GB,Questionable,Knee - ACL,Active,false,true,9,2026-09-09T18:47:33.095331+00:00,2026-09-15T10:09:26.227627+00:00
2026,1,9487,00-0038606,Parker Washington,WR,JAX,,,Active,false,true,9,2026-09-09T18:47:33.095331+00:00,2026-09-15T10:09:26.227627+00:00
2026,1,9488,00-0038543,Jaxon Smith-Njigba,WR,SEA,,,Active,false,true,9,2026-09-09T18:47:33.095331+00:00,2026-09-15T10:09:26.227627+00:00
2026,1,9493,00-0039075,Puka Nacua,WR,LAR,,,Active,false,true,9,2026-09-09T18:47:33.095331+00:00,2026-09-15T10:09:26.227627+00:00
2026,1,9500,00-0038997,Josh Downs,WR,IND,Questionable,Undisclosed,Active,false,true,9,2026-09-09T18:47:33.095331+00:00,2026-09-15T10:09:26.227627+00:00
2026,1,9502,00-0038977,Tank Dell,WR,HOU,IR,Knee - ACL + MCL,Inactive,false,,9,2026-09-09T18:47:33.095331+00:00,2026-09-15T10:09:26.227627+00:00
2026,1,9504,00-0038608,Kayshon Boutte,WR,HOU,,,Active,false,true,9,2026-09-09T18:47:33.095331+00:00,2026-09-15T10:09:26.227627+00:00
2026,1,9506,00-0038951,Sean Tucker,RB,TB,Questionable,Undisclosed,Active,false,,2,2026-09-09T18:47:33.095331+00:00,
2026,1,9508,00-0039032,Tyjae Spears,RB,TEN,,,Active,false,true,9,2026-09-09T18:47:33.095331+00:00,2026-09-15T10:09:26.227627+00:00
2026,1,9509,00-0038542,Bijan Robinson,RB,ATL,,,Active,false,true,9,2026-09-09T18:47:33.095331+00:00,2026-09-15T10:09:26.227627+00:00
2026,1,9511,00-0038454,Keaton Mitchell,RB,LAC,Questionable,Undisclosed,Active,false,true,9,2026-09-09T18:47:33.095331+00:00,2026-09-15T10:09:26.227627+00:00
2026,1,96,00-0023459,Aaron Rodgers,QB,PIT,,,Active,false,true,9,2026-09-09T18:47:33.095331+00:00,2026-09-15T10:09:26.227627+00:00
2026,1,9753,00-0039165,Zach Charbonnet,RB,SEA,PUP,Knee - ACL,Active,false,,9,2026-09-09T18:47:33.095331+00:00,2026-09-15T10:09:26.227627+00:00
2026,1,9754,00-0038544,Quentin Johnston,WR,LAC,,,Active,false,true,9,2026-09-09T18:47:33.095331+00:00,2026-09-15T10:09:26.227627+00:00
2026,1,9756,00-0038994,Jordan Addison,WR,MIN,,,Active,false,true,9,2026-09-09T18:47:33.095331+00:00,2026-09-15T10:09:26.227627+00:00
2026,1,9758,00-0039163,C.J. Stroud,QB,HOU,,,Active,false,true,9,2026-09-09T18:47:33.095331+00:00,2026-09-15T10:09:26.227627+00:00
2026,1,9997,00-0039064,Zay Flowers,WR,BAL,Out,Hamstring,Active,false,true,9,2026-09-13T21:34:11.139457+00:00,2026-09-15T10:09:26.227627+00:00
2026,2,10213,00-0038563,Tre Tucker,WR,LV,,,Active,false,true,10,2026-09-17T17:44:58.862421+00:00,
2026,2,10218,00-0038618,Xavier Hutchinson,WR,HOU,,,Active,false,true,4,2026-09-20T16:57:40.301808+00:00,
2026,2,10219,00-0038611,Chris Rodriguez,RB,JAX,,,Active,false,true,10,2026-09-17T17:44:58.862421+00:00,
2026,2,10222,00-0039146,Jayden Reed,WR,GB,Out,Neck,Active,false,true,10,2026-09-20T18:15:58.582754+00:00,
2026,2,10229,00-0039067,Rashee Rice,WR,KC,,,Active,false,,10,2026-09-17T17:44:58.862421+00:00,
2026,2,10232,00-0038559,Michael Wilson,WR,ARI,,,Active,false,true,10,2026-09-17T17:44:58.862421+00:00,
2026,2,10236,00-0038933,Dalton Kincaid,TE,BUF,,,Active,false,true,10,2026-09-17T17:44:58.862421+00:00,
2026,2,10859,00-0039065,Sam LaPorta,TE,DET,,,Active,false,true,10,2026-09-17T17:44:58.862421+00:00,
2026,2,11559,00-0039917,Michael Penix,QB,ATL,Out,Knee - ACL,Active,false,,10,2026-09-20T16:57:40.301808+00:00,
2026,2,11560,00-0039918,Caleb Williams,QB,CHI,Out,Hamstring,Active,false,true,10,2026-09-20T21:44:46.558631+00:00,
2026,2,11563,00-0039732,Bo Nix,QB,DEN,,,Active,false,true,10,2026-09-17T17:44:58.862421+00:00,
2026,2,11564,00-0039851,Drake Maye,QB,NE,,,Active,false,true,10,2026-09-17T17:44:58.862421+00:00,
2026,2,11565,00-0039923,J.J. McCarthy,QB,MIN,,,Active,false,true,10,2026-09-17T17:44:58.862421+00:00,
2026,2,11566,00-0039910,Jayden Daniels,QB,WAS,,,Active,false,true,10,2026-09-17T17:44:58.862421+00:00,
2026,2,11571,00-0039798,Isaiah Davis,RB,NYJ,,,Active,false,true,10,2026-09-17T17:44:58.862421+00:00,
2026,2,11575,00-0039875,Ray Davis,RB,BUF,,,Active,false,true,10,2026-09-17T17:44:58.862421+00:00,
2026,2,11576,00-0039794,Braelon Allen,RB,NYJ,,,Active,false,true,10,2026-09-17T17:44:58.862421+00:00,
2026,2,11581,00-0039811,MarShawn Lloyd,RB,GB,,,Active,false,true,10,2026-09-17T17:44:58.862421+00:00,
2026,2,11583,00-0039344,Jonathon Brooks,RB,CAR,,,Active,false,true,10,2026-09-17T17:44:58.862421+00:00,
2026,2,11584,00-0039361,Bucky Irving,RB,TB,,,Active,false,true,10,2026-09-17T17:44:58.862421+00:00,
2026,2,11586,00-0039738,Blake Corum,RB,LAR,,,Active,false,,10,2026-09-17T17:44:58.862421+00:00,
2026,2,11597,00-0039847,Theo Johnson,TE,NYG,,,Active,false,,10,2026-09-17T17:44:58.862421+00:00,
2026,2,11603,00-0039793,AJ Barner,TE,SEA,,,Active,false,true,10,2026-09-17T17:44:58.862421+00:00,
2026,2,11604,00-0039338,Brock Bowers,TE,LV,Out,Knee - Meniscus,Active,false,,10,2026-09-20T19:03:10.210459+00:00,
2026,2,11610,00-0039880,Malik Washington,WR,MIA,,,Active,false,true,10,2026-09-17T17:44:58.862421+00:00,
2026,2,11618,00-0039855,Jalen McMillan,WR,TB,,,Active,false,true,10,2026-09-17T17:44:58.862421+00:00,
2026,2,11620,00-0039919,Rome Odunze,WR,CHI,,,Active,false,true,10,2026-09-17T17:44:58.862421+00:00,
2026,2,11624,00-0039894,Xavier Worthy,WR,KC,,,Active,false,,10,2026-09-17T17:44:58.862421+00:00,
2026,2,11625,00-0039890,Adonai Mitchell,WR,NYJ,,,Active,false,true,10,2026-09-17T17:44:58.862421+00:00,
2026,2,11627,00-0039868,Troy Franklin,WR,DEN,,,Active,false,true,10,2026-09-17T17:44:58.862421+00:00,
2026,2,11628,00-0039849,Marvin Harrison,WR,ARI,,,Active,false,true,10,2026-09-17T17:44:58.862421+00:00,
2026,2,11631,00-0039893,Brian Thomas,WR,JAX,Questionable,Shoulder,Active,false,true,10,2026-09-17T17:44:58.862421+00:00,
2026,2,11632,00-0039337,Malik Nabers,WR,NYG,,,Active,false,,10,2026-09-17T17:44:58.862421+00:00,
2026,2,11635,00-0039915,Ladd McConkey,WR,LAC,Questionable,Chest,Active,false,true,10,2026-09-17T17:44:58.862421+00:00,
2026,2,11637,00-0039901,Keon Coleman,WR,BUF,,,Active,false,true,10,2026-09-17T17:44:58.862421+00:00,
2026,2,11638,00-0039916,Ricky Pearsall,WR,SF,IR,Knee - PCL,Inactive,false,,10,2026-09-17T17:44:58.862421+00:00,
2026,2,11643,00-0039874,Jaylen Wright,RB,MIA,,,Active,false,true,10,2026-09-17T17:44:58.862421+00:00,
2026,2,11646,00-0039491,Jalen Coker,WR,CAR,Questionable,Ankle,Active,false,true,10,2026-09-17T17:44:58.862421+00:00,
2026,2,11655,00-0039384,Tyrone Tracy,RB,NYG,Questionable,Illness,Active,false,,6,2026-09-17T17:44:58.862421+00:00,
2026,2,11834,00-0039424,Devaughn Vele,WR,NO,,,Active,false,true,10,2026-09-17T17:44:58.862421+00:00,
2026,2,12469,00-0040162,Dylan Sampson,RB,CLE,IR,Knee,Inactive,false,,10,2026-09-17T17:44:58.862421+00:00,
2026,2,12470,00-0040206,Riley Leonard,QB,IND,,,Active,false,,10,2026-09-17T17:44:58.862421+00:00,
2026,2,12471,00-0040179,DJ Giddens,RB,IND,,,Active,false,,10,2026-09-17T17:44:58.862421+00:00,
2026,2,12474,00-0040583,Woody Marks,RB,HOU,,,Active,false,true,10,2026-09-17T17:44:58.862421+00:00,
2026,2,12481,00-0040715,Cam Skattebo,RB,NYG,,,Active,false,,10,2026-09-17T17:44:58.862421+00:00,
2026,2,12483,00-0040729,Jack Bech,WR,LV,,,Active,false,true,10,2026-09-17T17:44:58.862421+00:00,
2026,2,12484,00-0040130,Jayden Higgins,WR,HOU,IR,Knee - ACL,Inactive,false,,10,2026-09-17T17:44:58.862421+00:00,
2026,2,12485,00-0040237,Tez Johnson,WR,TB,,,Active,false,true,10,2026-09-17T17:44:58.862421+00:00,
2026,2,12487,00-0040737,Terrance Ferguson,TE,LAR,,,Active,false,,10,2026-09-17T17:44:58.862421+00:00,
2026,2,12489,00-0040730,RJ Harvey,RB,DEN,Out,Hamstring,Active,false,,10,2026-09-20T19:03:10.210459+00:00,
2026,2,12490,00-0040719,Bhayshul Tuten,RB,JAX,,,Active,false,true,10,2026-09-17T17:44:58.862421+00:00,
2026,2,12492,00-0040134,Pat Bryant,WR,DEN,,,Active,false,true,10,2026-09-17T17:44:58.862421+00:00,
2026,2,12493,00-0040189,Oronde Gadsden,TE,LAC,,,Active,false,true,10,2026-09-17T17:44:58.862421+00:00,
2026,2,12495,00-0040198,Ollie Gordon,RB,MIA,,,Active,false,true,10,2026-09-17T17:44:58.862421+00:00,
2026,2,12497,00-0040648,Tory Horton,WR,SEA,,,Active,false,true,10,2026-09-17T17:44:58.862421+00:00,
2026,2,12498,00-0040736,Mason Taylor,TE,NYJ,,,Active,false,true,10,2026-09-17T17:44:58.862421+00:00,
2026,2,12499,00-0040170,Elic Ayomanor,WR,TEN,,,Active,false,true,10,2026-09-17T17:44:58.862421+00:00,
2026,2,12500,00-0040234,Quinn Ewers,QB,JAX,Out,Coach's Decision,Active,false,,10,2026-09-20T19:03:10.210459+00:00,
2026,2,12501,00-0040667,Matthew Golden,WR,GB,,,Active,false,true,10,2026-09-17T17:44:58.862421+00:00,
2026,2,12502,00-0040584,Gunnar Helm,TE,TEN,,,Active,false,true,10,2026-09-17T17:44:58.862421+00:00,
2026,2,12504,00-0040142,Kaleb Johnson,RB,GB,,,Active,false,true,10,2026-09-17T17:44:58.862421+00:00,
2026,2,12506,00-0040663,Harold Fannin,TE,CLE,,,Active,false,true,10,2026-09-17T17:44:58.862421+00:00,
2026,2,12507,00-0040666,Omarion Hampton,RB,LAC,,,Active,false,true,10,2026-09-17T17:44:58.862421+00:00,
2026,2,12508,00-0040691,Jaxson Dart,QB,NYG,,,Active,false,,10,2026-09-17T17:44:58.862421+00:00,
2026,2,12509,00-0040727,Tre' Harris,WR,LAC,,,Active,false,true,10,2026-09-17T17:44:58.862421+00:00,
2026,2,12512,00-0040784,Quinshon Judkins,RB,CLE,,,Active,false,true,10,2026-09-17T17:44:58.862421+00:00,
2026,2,12514,00-0040129,Emeka Egbuka,WR,TB,,,Active,false,true,10,2026-09-17T17:44:58.862421+00:00,
2026,2,12517,00-0040126,Colston Loveland,TE,CHI,,,Active,false,true,10,2026-09-17T17:44:58.862421+00:00,
2026,2,12518,00-0040128,Tyler Warren,TE,IND,,,Active,false,,10,2026-09-17T17:44:58.862421+00:00,
2026,2,12519,00-0040735,Luther Burden,WR,CHI,,,Active,false,true,10,2026-09-17T17:44:58.862421+00:00,
2026,2,12522,00-0040676,Cam Ward,QB,TEN,,,Active,false,true,10,2026-09-17T17:44:58.862421+00:00,
2026,2,12524,00-0040668,Shedeur Sanders,QB,CLE,,,Active,false,true,10,2026-09-17T17:44:58.862421+00:00,
2026,2,12526,00-0040124,Tetairoa McMillan,WR,CAR,,,Active,false,true,10,2026-09-17T17:44:58.862421+00:00,
2026,2,12527,00-0040122,Ashton Jeanty,RB,LV,,,Active,false,true,10,2026-09-17T17:44:58.862421+00:00,
2026,2,12529,00-0040734,TreVeyon Henderson,RB,NE,,,Active,false,true,10,2026-09-17T17:44:58.862421+00:00,
2026,2,12530,00-0040718,Travis Hunter,WR,JAX,,,Active,false,true,10,2026-09-17T17:44:58.862421+00:00,
2026,2,12531,00-0040644,Trevor Etienne,RB,CAR,IR,Ankle,Inactive,false,,10,2026-09-17T17:44:58.862421+00:00,
2026,2,12533,00-0040242,Jacory Croskey-Merritt,RB,WAS,,,Active,false,true,10,2026-09-17T17:44:58.862421+00:00,
2026,2,12534,00-0040236,Kyle Monangai,RB,CHI,Questionable,Hamstring,Active,false,true,10,2026-09-17T17:44:58.862421+00:00,
2026,2,12536,00-0040138,Jaylin Noel,WR,HOU,,,Active,false,true,10,2026-09-17T17:44:58.862421+00:00,
2026,2,12543,00-0040208,Tahj Brooks,RB,CIN,,,Active,false,true,10,2026-09-17T17:44:58.862421+00:00,
2026,2,12545,00-0040743,Tyler Shough,QB,NO,,,Active,false,true,10,2026-09-17T17:44:58.862421+00:00,
2026,2,12641,00-0040164,Jaylin Lane,WR,WAS,Questionable,Groin,Active,false,true,10,2026-09-17T17:44:58.862421+00:00,
2026,2,13268,00-0040876,Elijah Sarratt,WR,BAL,,,Active,false,true,10,2026-09-17T17:44:58.862421+00:00,
2026,2,13269,00-0041562,Fernando Mendoza,QB,LV,,,Active,false,true,10,2026-09-17T17:44:58.862421+00:00,
2026,2,13272,00-0041561,Carson Beck,QB,ARI,Out,Coach's Decision,Active,false,,10,2026-09-20T21:44:46.558631+00:00,
2026,2,13274,00-0041489,Germie Bernard,WR,PIT,,,Active,false,true,10,2026-09-17T17:44:58.862421+00:00,
2026,2,13275,00-0041568,Ty Simpson,QB,LAR,,,Active,false,,10,2026-09-17T17:44:58.862421+00:00,
2026,2,13276,00-0041511,Omar Cooper,WR,NYJ,IR,Ankle,Inactive,false,,10,2026-09-20T16:57:40.301808+00:00,
2026,2,13278,00-0041510,Max Klare,TE,LAR,,,Active,false,,10,2026-09-17T17:44:58.862421+00:00,
2026,2,13279,00-0041438,Carnell Tate,WR,TEN,,,Active,false,true,10,2026-09-17T17:44:58.862421+00:00,
2026,2,13281,00-0041029,Jordyn Tyson,WR,NO,IR,Hamstring,Inactive,false,,10,2026-09-17T17:44:58.862421+00:00,
2026,2,13285,00-0041042,Malachi Fields,WR,NYG,,,Active,false,,10,2026-09-17T17:44:58.862421+00:00,
2026,2,13286,00-0041512,Jadarian Price,RB,SEA,,,Active,false,true,10,2026-09-17T17:44:58.862421+00:00,
2026,2,13287,00-0041027,Jeremiyah Love,RB,ARI,,,Active,false,true,10,2026-09-17T17:44:58.862421+00:00,
2026,2,13288,00-0040886,Nicholas Singleton,RB,TEN,,,Active,false,true,10,2026-09-17T17:44:58.862421+00:00,
2026,2,13289,00-0041565,Drew Allar,QB,PIT,Out,Coach's Decision,Active,false,,10,2026-09-20T16:57:40.301808+00:00,
2026,2,13293,00-0040870,Ja'Kobi Lane,WR,BAL,IR,Wrist,Inactive,false,,10,2026-09-17T17:44:58.862421+00:00,
2026,2,13294,00-0040867,Makai Lemon,WR,PHI,,,Active,false,true,10,2026-09-17T17:44:58.862421+00:00,
2026,2,13296,00-0041523,Caleb Douglas,WR,MIA,,,Active,false,true,10,2026-09-17T17:44:58.862421+00:00,
2026,2,13298,00-0041547,KC Concepcion,WR,CLE,,,Active,false,true,10,2026-09-17T17:44:58.862421+00:00,
2026,2,13301,00-0041040,Antonio Williams,WR,WAS,,,Active,false,true,10,2026-09-17T17:44:58.862421+00:00,
2026,2,13302,00-0040888,Adam Randall,RB,BAL,IR,Undisclosed,Inactive,false,,10,2026-09-17T17:44:58.862421+00:00,
2026,2,13305,,Mike Washington,RB,LV,,,Active,false,true,10,2026-09-17T17:44:58.862421+00:00,
2026,2,13306,00-0041092,Taylen Green,QB,CLE,Out,Coach's Decision,Active,false,,10,2026-09-20T16:57:40.301808+00:00,
2026,2,13311,00-0041525,Chris Bell,WR,MIA,,,Active,false,true,10,2026-09-17T17:44:58.862421+00:00,
2026,2,13317,00-0041048,Ted Hurst,WR,TB,,,Active,false,true,10,2026-09-17T17:44:58.862421+00:00,
2026,2,13319,00-0041041,Oscar Delp,TE,NO,Questionable,Hamstring,Active,false,true,10,2026-09-17T17:44:58.862421+00:00,
2026,2,13320,00-0041044,Zachariah Branch,WR,ATL,,,Active,false,true,10,2026-09-17T17:44:58.862421+00:00,
2026,2,13330,00-0041032,Kenyon Sadiq,TE,NYJ,,,Active,false,true,10,2026-09-17T17:44:58.862421+00:00,
2026,2,13337,00-0041013,Emmett Johnson,RB,KC,,,Active,false,,10,2026-09-17T17:44:58.862421+00:00,
2026,2,13345,00-0041496,Jonah Coleman,RB,DEN,,,Active,false,true,10,2026-09-17T17:44:58.862421+00:00,
2026,2,13346,00-0041037,Denzel Boston,WR,CLE,,,Active,false,true,10,2026-09-17T17:44:58.862421+00:00,
2026,2,13347,00-0041104,Demond Claiborne,RB,MIN,,,Active,false,true,4,2026-09-20T16:57:40.301808+00:00,
2026,2,13349,00-0041483,Eli Stowers,TE,PHI,IR,Hamstring,Inactive,false,,10,2026-09-17T17:44:58.862421+00:00,
2026,2,13353,00-0041047,Chris Brazzell,WR,CAR,IR,Knee,Inactive,false,,10,2026-09-17T17:44:58.862421+00:00,
2026,2,13402,00-0041443,Skyler Bell,WR,BUF,Out,Coach's Decision,Active,false,,10,2026-09-17T23:08:58.006745+00:00,
2026,2,13405,00-0041096,Kaytron Allen,RB,WAS,,,Active,false,true,10,2026-09-17T17:44:58.862421+00:00,
2026,2,13408,00-0041084,Tanner Koziol,TE,JAX,Out,Coach's Decision,Active,false,,10,2026-09-20T19:03:10.210459+00:00,
2026,2,13413,00-0040890,Cyrus Allen,WR,KC,,,Active,false,,10,2026-09-17T17:44:58.862421+00:00,
2026,2,13414,00-0041052,Kaelon Black,RB,SF,,,Active,false,true,10,2026-09-17T17:44:58.862421+00:00,
2026,2,13417,00-0041035,De'Zhaun Stribling,WR,SF,Out,Ankle,Inactive,false,,10,2026-09-17T17:44:58.862421+00:00,
2026,2,13420,00-0041067,Bryce Lance,WR,NO,,,Active,false,true,10,2026-09-17T17:44:58.862421+00:00,
2026,2,13421,00-0041395,Eli Raridon,TE,NE,,,Active,false,true,10,2026-09-17T17:44:58.862421+00:00,
2026,2,13423,00-0041490,Eli Heidenreich,RB,PIT,,,Active,false,true,10,2026-09-17T17:44:58.862421+00:00,
2026,2,13424,00-0041125,Seth McGowan,RB,IND,,,Active,false,,10,2026-09-17T17:44:58.862421+00:00,
2026,2,13434,00-0041524,Will Kacmarek,TE,MIA,,,Active,false,true,10,2026-09-17T17:44:58.862421+00:00,
2026,2,13533,00-0041099,Barion Brown,WR,NO,,,Active,false,true,10,2026-09-17T17:44:58.862421+00:00,
2026,2,13602,,Jack Strand,QB,ATL,,,Active,false,true,10,2026-09-17T17:44:58.862421+00:00,
2026,2,1373,00-0030565,Geno Smith,QB,NYJ,,,Active,false,true,10,2026-09-17T17:44:58.862421+00:00,
2026,2,1466,00-0030506,Travis Kelce,TE,KC,,,Active,false,,10,2026-09-17T17:44:58.862421+00:00,
2026,2,2133,00-0031381,Davante Adams,WR,LAR,,,Active,false,,10,2026-09-17T17:44:58.862421+00:00,
2026,2,2216,00-0031408,Mike Evans,WR,SF,,,Active,false,true,10,2026-09-17T17:44:58.862421+00:00,
2026,2,2449,00-0031588,Stefon Diggs,WR,WAS,,,Active,false,true,10,2026-09-17T17:44:58.862421+00:00,
2026,2,3161,00-0032950,Carson Wentz,QB,MIN,,,Active,false,true,10,2026-09-17T17:44:58.862421+00:00,
2026,2,3163,00-0033106,Jared Goff,QB,DET,,,Active,false,true,10,2026-09-17T17:44:58.862421+00:00,
2026,2,3198,00-0032764,Derrick Henry,RB,BAL,,,Active,false,true,10,2026-09-17T17:44:58.862421+00:00,
2026,2,3294,00-0033077,Dak Prescott,QB,DAL,,,Active,false,true,10,2026-09-17T17:44:58.862421+00:00,
2026,2,4017,00-0033537,Deshaun Watson,QB,CLE,,,Active,false,,6,2026-09-17T17:44:58.862421+00:00,
2026,2,4033,00-0033885,David Njoku,TE,LAC,,,Active,false,true,10,2026-09-17T17:44:58.862421+00:00,
2026,2,4034,00-0033280,Christian McCaffrey,RB,SF,,,Active,false,true,10,2026-09-17T17:44:58.862421+00:00,
2026,2,4035,00-0033906,Alvin Kamara,RB,NO,,,Active,false,true,10,2026-09-17T17:44:58.862421+00:00,
2026,2,4037,00-0033921,Chris Godwin,WR,TB,,,Active,false,true,10,2026-09-17T17:44:58.862421+00:00,
2026,2,4046,00-0033873,Patrick Mahomes,QB,KC,,,Active,false,,10,2026-09-17T17:44:58.862421+00:00,
2026,2,4066,00-0033881,Evan Engram,TE,DEN,,,Active,false,true,4,2026-09-20T16:57:40.301808+00:00,
2026,2,4199,00-0033293,Aaron Jones,RB,MIN,,,Active,false,true,10,2026-09-17T17:44:58.862421+00:00,
2026,2,421,00-0026498,Matthew Stafford,QB,LAR,,,Active,false,,10,2026-09-17T17:44:58.862421+00:00,
2026,2,4217,00-0033288,George Kittle,TE,SF,Questionable,Achilles,Active,false,true,10,2026-09-17T17:44:58.862421+00:00,
2026,2,4866,00-0034844,Saquon Barkley,RB,PHI,,,Active,false,true,10,2026-09-17T17:44:58.862421+00:00,
2026,2,4881,00-0034796,Lamar Jackson,QB,BAL,,,Active,false,true,10,2026-09-17T17:44:58.862421+00:00,
2026,2,4892,00-0034855,Baker Mayfield,QB,TB,,,Active,false,true,10,2026-09-17T17:44:58.862421+00:00,
2026,2,4943,00-0034869,Sam Darnold,QB,SEA,Out,Lower Body,Active,false,,10,2026-09-17T17:44:58.862421+00:00,
2026,2,4983,00-0034827,DJ Moore,WR,BUF,Out,Shoulder,Active,false,true,10,2026-09-20T16:57:40.301808+00:00,
2026,2,4984,00-0034857,Josh Allen,QB,BUF,,,Active,false,true,10,2026-09-17T17:44:58.862421+00:00,
2026,2,5001,00-0034383,Dalton Schultz,TE,HOU,,,Active,false,true,10,2026-09-17T17:44:58.862421+00:00,
2026,2,5012,00-0034753,Mark Andrews,TE,BAL,,,Active,false,true,10,2026-09-17T17:44:58.862421+00:00,
2026,2,5022,00-0034351,Dallas Goedert,TE,PHI,,,Active,false,true,10,2026-09-17T17:44:58.862421+00:00,
2026,2,5045,00-0034348,Courtland Sutton,WR,DEN,,,Active,false,true,10,2026-09-17T17:44:58.862421+00:00,
2026,2,5844,00-0035229,T.J. Hockenson,TE,MIN,,,Active,false,true,10,2026-09-17T17:44:58.862421+00:00,
2026,2,5846,00-0035640,DK Metcalf,WR,PIT,,,Active,false,true,10,2026-09-17T17:44:58.862421+00:00,
2026,2,5849,00-0035228,Kyler Murray,QB,MIN,Out,Concussion,Active,false,,10,2026-09-20T16:57:40.301808+00:00,
2026,2,5850,00-0035700,Josh Jacobs,RB,GB,NA,Personal,Active,false,,10,2026-09-17T17:44:58.862421+00:00,
2026,2,5859,00-0035676,A.J. Brown,WR,NE,IR,Ankle,Inactive,false,,10,2026-09-17T17:44:58.862421+00:00,
2026,2,5870,00-0035710,Daniel Jones,QB,IND,,,Active,false,,10,2026-09-17T17:44:58.862421+00:00,
2026,2,5872,00-0035719,Deebo Samuel,WR,SF,,,Active,false,true,10,2026-09-17T17:44:58.862421+00:00,
2026,2,5892,00-0035685,David Montgomery,RB,HOU,,,Active,false,true,10,2026-09-17T17:44:58.862421+00:00,
2026,2,5927,00-0035659,Terry McLaurin,WR,WAS,,,Active,false,true,10,2026-09-17T17:44:58.862421+00:00,
2026,2,5947,00-0034960,Jakobi Meyers,WR,JAX,Questionable,Thumb,Active,false,true,10,2026-09-17T17:44:58.862421+00:00,
2026,2,5967,00-0035261,Tony Pollard,RB,TEN,,,Active,false,true,10,2026-09-17T17:44:58.862421+00:00,
2026,2,6130,00-0035250,Devin Singletary,RB,NYG,,,Active,false,,10,2026-09-17T17:44:58.862421+00:00,
2026,2,6768,00-0036212,Tua Tagovailoa,QB,ATL,Out,Oblique,Active,false,,10,2026-09-20T16:57:40.301808+00:00,
2026,2,6770,00-0036442,Joe Burrow,QB,CIN,Questionable,Back,Active,false,true,10,2026-09-17T17:44:58.862421+00:00,
2026,2,6786,00-0036358,CeeDee Lamb,WR,DAL,,,Active,false,true,10,2026-09-17T17:44:58.862421+00:00,
2026,2,6790,00-0036275,D'Andre Swift,RB,CHI,Questionable,Knee,Active,false,true,10,2026-09-17T17:44:58.862421+00:00,
2026,2,6794,00-0036322,Justin Jefferson,WR,MIN,,,Active,false,true,10,2026-09-17T17:44:58.862421+00:00,
2026,2,6797,00-0036355,Justin Herbert,QB,LAC,,,Active,false,true,10,2026-09-17T17:44:58.862421+00:00,
2026,2,6801,00-0036410,Tee Higgins,WR,CIN,,,Active,false,true,10,2026-09-17T17:44:58.862421+00:00,
2026,2,6803,00-0036261,Brandon Aiyuk,WR,SF,DNR,Knee - ACL + MCL,Active,false,,10,2026-09-17T17:44:58.862421+00:00,
2026,2,6804,00-0036264,Jordan Love,QB,GB,,,Active,false,true,10,2026-09-17T17:44:58.862421+00:00,
2026,2,6806,00-0036158,J.K. Dobbins,RB,DEN,,,Active,false,true,10,2026-09-17T17:44:58.862421+00:00,
2026,2,6813,00-0036223,Jonathan Taylor,RB,IND,,,Active,false,,10,2026-09-17T17:44:58.862421+00:00,
2026,2,6819,00-0036252,Michael Pittman,WR,PIT,Out,Ankle,Active,false,,10,2026-09-20T16:57:40.301808+00:00,
2026,2,6904,00-0036389,Jalen Hurts,QB,PHI,,,Active,false,true,10,2026-09-17T17:44:58.862421+00:00,
2026,2,7002,00-0036040,Juwan Johnson,TE,NO,Questionable,Illness,Active,false,true,10,2026-09-17T17:44:58.862421+00:00,
2026,2,7021,00-0036139,Rico Dowdle,RB,PIT,Out,Toe,Active,false,true,10,2026-09-20T21:44:46.558631+00:00,
2026,2,7523,00-0036971,Trevor Lawrence,QB,JAX,,,Active,false,true,10,2026-09-17T17:44:58.862421+00:00,
2026,2,7525,00-0036912,DeVonta Smith,WR,PHI,,,Active,false,true,10,2026-09-17T17:44:58.862421+00:00,
2026,2,7526,00-0036613,Jaylen Waddle,WR,DEN,,,Active,false,true,10,2026-09-17T17:44:58.862421+00:00,
2026,2,7527,00-0036972,Mac Jones,QB,SF,,,Active,false,true,10,2026-09-17T17:44:58.862421+00:00,
2026,2,7543,00-0036973,Travis Etienne,RB,NO,,,Active,false,true,10,2026-09-17T17:44:58.862421+00:00,
2026,2,7547,00-0036963,Amon-Ra St. Brown,WR,DET,,,Active,false,true,10,2026-09-17T17:44:58.862421+00:00,
2026,2,7553,00-0036970,Kyle Pitts,TE,ATL,,,Active,false,true,10,2026-09-17T17:44:58.862421+00:00,
2026,2,7564,00-0036900,Ja'Marr Chase,WR,CIN,,,Active,false,true,10,2026-09-17T17:44:58.862421+00:00,
2026,2,7567,00-0036919,Kenny Gainwell,RB,TB,,,Active,false,true,10,2026-09-17T17:44:58.862421+00:00,
2026,2,7569,00-0036554,Nico Collins,WR,HOU,Out,Hamstring,Active,false,,10,2026-09-20T16:57:40.301808+00:00,
2026,2,7588,00-0036997,Javonte Williams,RB,DAL,,,Active,false,true,10,2026-09-17T17:44:58.862421+00:00,
2026,2,7594,00-0036555,Chuba Hubbard,RB,CAR,,,Active,false,true,10,2026-09-17T17:44:58.862421+00:00,
2026,2,7600,00-0036894,Pat Freiermuth,TE,PIT,,,Active,false,true,10,2026-09-17T17:44:58.862421+00:00,
2026,2,7611,00-0036875,Rhamondre Stevenson,RB,NE,,,Active,false,true,10,2026-09-17T17:44:58.862421+00:00,
2026,2,8110,00-0038041,Jake Ferguson,TE,DAL,,,Active,false,true,10,2026-09-17T17:44:58.862421+00:00,
2026,2,8111,00-0038129,Cade Otton,TE,TB,,,Active,false,true,10,2026-09-17T17:44:58.862421+00:00,
2026,2,8112,00-0037238,Drake London,WR,ATL,,,Active,false,true,10,2026-09-17T17:44:58.862421+00:00,
2026,2,8121,00-0037816,Romeo Doubs,WR,NE,,,Active,false,true,10,2026-09-17T17:44:58.862421+00:00,
2026,2,8126,00-0038117,Wan'Dale Robinson,WR,TEN,,,Active,false,true,10,2026-09-17T17:44:58.862421+00:00,
2026,2,8130,00-0037744,Trey McBride,TE,ARI,,,Active,false,true,10,2026-09-17T17:44:58.862421+00:00,
2026,2,8131,00-0037838,Isaiah Likely,TE,NYG,,,Active,false,,10,2026-09-17T17:44:58.862421+00:00,
2026,2,8132,00-0037263,Tyler Allgeier,RB,ARI,,,Active,false,true,10,2026-09-17T17:44:58.862421+00:00,
2026,2,8134,00-0037261,Khalil Shakir,WR,BUF,,,Active,false,true,10,2026-09-17T17:44:58.862421+00:00,
2026,2,8136,00-0037256,Rachaad White,RB,WAS,,,Active,false,true,10,2026-09-17T17:44:58.862421+00:00,
2026,2,8137,00-0037247,George Pickens,WR,DAL,,,Active,false,true,10,2026-09-17T17:44:58.862421+00:00,
2026,2,8138,00-0037248,James Cook,RB,BUF,,,Active,false,true,10,2026-09-17T17:44:58.862421+00:00,
2026,2,8142,00-0037664,Alec Pierce,WR,IND,,,Active,false,,10,2026-09-17T17:44:58.862421+00:00,
2026,2,8144,00-0037239,Chris Olave,WR,NO,,,Active,false,true,10,2026-09-17T17:44:58.862421+00:00,
2026,2,8146,00-0037740,Garrett Wilson,WR,NYJ,,,Active,false,true,10,2026-09-17T17:44:58.862421+00:00,
2026,2,8148,00-0037240,Jameson Williams,WR,DET,,,Active,false,true,10,2026-09-17T17:44:58.862421+00:00,
2026,2,8150,00-0037840,Kyren Williams,RB,LAR,,,Active,false,,10,2026-09-17T17:44:58.862421+00:00,
2026,2,8151,00-0038134,Kenneth Walker,RB,KC,,,Active,false,,10,2026-09-17T17:44:58.862421+00:00,
2026,2,8154,00-0037746,Brian Robinson,RB,ATL,,,Active,false,true,10,2026-09-17T17:44:58.862421+00:00,
2026,2,8155,00-0038120,Breece Hall,RB,NYJ,,,Active,false,true,10,2026-09-17T17:44:58.862421+00:00,
2026,2,8161,00-0038128,Malik Willis,QB,MIA,,,Active,false,true,10,2026-09-17T17:44:58.862421+00:00,
2026,2,8167,00-0038124,Christian Watson,WR,GB,,,Active,false,true,10,2026-09-17T17:44:58.862421+00:00,
2026,2,8183,00-0037834,Brock Purdy,QB,SF,,,Active,false,true,10,2026-09-17T17:44:58.862421+00:00,
2026,2,8205,00-0037197,Isiah Pacheco,RB,DET,IR,Back,Inactive,false,,10,2026-09-17T17:44:58.862421+00:00,
2026,2,8210,00-0037809,Chig Okonkwo,TE,WAS,Out,Hamstring,Active,false,,10,2026-09-20T16:57:40.301808+00:00,
2026,2,8228,00-0037228,Jaylen Warren,RB,PIT,,,Active,false,true,10,2026-09-17T17:44:58.862421+00:00,
2026,2,8408,00-0037525,Jordan Mason,RB,MIN,IR,Thumb,Inactive,false,,10,2026-09-17T17:44:58.862421+00:00,
2026,2,8676,00-0037545,Rashid Shaheed,WR,SEA,,,Active,false,true,10,2026-09-17T17:44:58.862421+00:00,
2026,2,8800,00-0037563,Malik Davis,RB,DAL,IR,Hip,Inactive,false,,10,2026-09-17T17:44:58.862421+00:00,
2026,2,9221,00-0039139,Jahmyr Gibbs,RB,DET,,,Active,false,true,10,2026-09-17T17:44:58.862421+00:00,
2026,2,9224,00-0038597,Chase Brown,RB,CIN,,,Active,false,true,10,2026-09-17T17:44:58.862421+00:00,
2026,2,9225,00-0038555,Tank Bigsby,RB,PHI,,,Active,false,true,10,2026-09-17T17:44:58.862421+00:00,
2026,2,9226,00-0039040,De'Von Achane,RB,MIA,,,Active,false,true,10,2026-09-17T17:44:58.862421+00:00,
2026,2,9228,00-0039150,Bryce Young,QB,CAR,,,Active,false,true,10,2026-09-17T17:44:58.862421+00:00,
2026,2,9229,00-0039164,Anthony Richardson,QB,IND,Questionable,Groin,Active,false,,10,2026-09-17T17:44:58.862421+00:00,
2026,2,9480,00-0038935,Brenton Strange,TE,JAX,,,Active,false,true,10,2026-09-17T17:44:58.862421+00:00,
2026,2,9482,00-0039066,Michael Mayer,TE,LV,,,Active,false,true,10,2026-09-17T17:44:58.862421+00:00,
2026,2,9484,00-0038996,Tucker Kraft,TE,GB,,,Active,false,true,10,2026-09-17T17:44:58.862421+00:00,
2026,2,9486,00-0038393,Dontayvion Wicks,WR,PHI,,,Active,false,true,10,2026-09-17T17:44:58.862421+00:00,
2026,2,9487,00-0038606,Parker Washington,WR,JAX,,,Active,false,true,10,2026-09-17T17:44:58.862421+00:00,
2026,2,9488,00-0038543,Jaxon Smith-Njigba,WR,SEA,,,Active,false,true,10,2026-09-17T17:44:58.862421+00:00,
2026,2,9493,00-0039075,Puka Nacua,WR,LAR,,,Active,false,,10,2026-09-17T17:44:58.862421+00:00,
2026,2,9500,00-0038997,Josh Downs,WR,IND,,,Active,false,,10,2026-09-17T17:44:58.862421+00:00,
2026,2,9502,00-0038977,Tank Dell,WR,HOU,IR,Knee - ACL + MCL,Inactive,false,,10,2026-09-17T17:44:58.862421+00:00,
2026,2,9504,00-0038608,Kayshon Boutte,WR,HOU,,,Active,false,true,10,2026-09-17T17:44:58.862421+00:00,
2026,2,9508,00-0039032,Tyjae Spears,RB,TEN,,,Active,false,true,10,2026-09-17T17:44:58.862421+00:00,
2026,2,9509,00-0038542,Bijan Robinson,RB,ATL,,,Active,false,true,10,2026-09-17T17:44:58.862421+00:00,
2026,2,9511,00-0038454,Keaton Mitchell,RB,LAC,,,Active,false,true,10,2026-09-17T17:44:58.862421+00:00,
2026,2,96,00-0023459,Aaron Rodgers,QB,PIT,,,Active,false,true,10,2026-09-17T17:44:58.862421+00:00,
2026,2,9753,00-0039165,Zach Charbonnet,RB,SEA,PUP,Knee - ACL,Active,false,,10,2026-09-17T17:44:58.862421+00:00,
2026,2,9754,00-0038544,Quentin Johnston,WR,LAC,,,Active,false,true,10,2026-09-17T17:44:58.862421+00:00,
2026,2,9756,00-0038994,Jordan Addison,WR,MIN,,,Active,false,true,10,2026-09-17T17:44:58.862421+00:00,
2026,2,9758,00-0039163,C.J. Stroud,QB,HOU,,,Active,false,true,10,2026-09-17T17:44:58.862421+00:00,
2026,2,9997,00-0039064,Zay Flowers,WR,BAL,Out,Hamstring,Active,false,,10,2026-09-20T16:57:40.301808+00:00,
