player_id,player_name,player_display_name,position,position_group,season,week,season_type,game_id,team,opponent_team,def_tackles_solo,fantasy_points_ppr,fantasy_points,def_tackle_assists,carries,rushing_first_downs,rushing_yards,receptions,receiving_air_yards,receiving_tds,targets,receiving_yards,pat_att,pat_made,receiving_first_downs,receiving_yards_after_catch,penalties,penalty_yards,passing_air_yards,attempts,completions,passing_first_downs,passing_tds,passing_yards,kickoff_returns,kickoff_return_yards,fg_att,fg_made,fg_made_20_29,fg_long,target_share,air_yards_share,wopr
00-0036888,D.Hamlin,Damar Hamlin,DB,SS,2022,17,REG,2022_17_BUF_CIN,BUF,CIN,1.0,0.0,0.0,,,,,,0.0,,0.0,,,,,,,,,,,,,,,,,,,,0.0,0.0,0.0
00-0036166,D.Jackson,Dane Jackson,DB,CB,2022,17,REG,2022_17_BUF_CIN,BUF,CIN,,0.0,0.0,1.0,,,,,0.0,,0.0,,,,,,,,,,,,,,,,,,,,0.0,0.0,0.0
00-0030114,J.Poyer,Jordan Poyer,DB,SS,2022,17,REG,2022_17_BUF_CIN,BUF,CIN,1.0,0.0,0.0,1.0,,,,,0.0,,0.0,,,,,,,,,,,,,,,,,,,,0.0,0.0,0.0
00-0034391,S.Neal,Siran Neal,DB,CB,2022,17,REG,2022_17_BUF_CIN,BUF,CIN,,0.0,0.0,1.0,,,,,0.0,,0.0,,,,,,,,,,,,,,,,,,,,0.0,0.0,0.0
00-0034376,T.Johnson,Taron Johnson,DB,CB,2022,17,REG,2022_17_BUF_CIN,BUF,CIN,1.0,0.0,0.0,,,,,,0.0,,0.0,,,,,,,,,,,,,,,,,,,,0.0,0.0,0.0
00-0033884,T.White,Tre'Davious White,DB,CB,2022,17,REG,2022_17_BUF_CIN,BUF,CIN,,0.0,0.0,,,,,,0.0,,0.0,,,,,,1.0,29.0,,,,,,,,,,,,,0.0,0.0,0.0
00-0036162,T.Bass,Tyler Bass,K,K,2022,17,REG,2022_17_BUF_CIN,BUF,CIN,,0.0,0.0,,,,,,0.0,,0.0,,,,,,,,,,,,,,,,1.0,1.0,1.0,25.0,0.0,0.0,0.0
00-0033571,M.Milano,Matt Milano,LB,OLB,2022,17,REG,2022_17_BUF_CIN,BUF,CIN,1.0,0.0,0.0,,,,,,0.0,,0.0,,,,,,,,,,,,,,,,,,,,0.0,0.0,0.0
00-0034673,F.Edmunds,Tremaine Edmunds,LB,MLB,2022,17,REG,2022_17_BUF_CIN,BUF,CIN,1.0,0.0,0.0,,,,,,0.0,,0.0,,,,,,,,,,,,,,,,,,,,0.0,0.0,0.0
00-0034857,J.Allen,Josh Allen,QB,QB,2022,17,REG,2022_17_BUF_CIN,BUF,CIN,,2.72,2.72,,2.0,,14.0,,0.0,,0.0,,,,,,,,13.0,6.0,3.0,2.0,,33.0,,,,,,,0.0,0.0,0.0
00-0035250,D.Singletary,Devin Singletary,RB,RB,2022,17,REG,2022_17_BUF_CIN,BUF,CIN,,0.3,0.3,,1.0,1.0,3.0,,0.0,,0.0,,,,,,,,,,,,,,,,,,,,0.0,0.0,0.0
00-0037248,J.Cook,James Cook,RB,RB,2022,17,REG,2022_17_BUF_CIN,BUF,CIN,,1.8,1.8,,2.0,1.0,18.0,,0.0,,0.0,,,,,,,,,,,,,,,,,,,,0.0,0.0,0.0
00-0036187,R.Gilliam,Reggie Gilliam,RB,FB,2022,17,REG,2022_17_BUF_CIN,BUF,CIN,,1.7,0.7,,,,,1.0,0.0,,1.0,7.0,,,,7.0,,,,,,,,,,,,,,,0.2,0.0,0.3
00-0029000,C.Beasley,Cole Beasley,WR,WR,2022,17,REG,2022_17_BUF_CIN,BUF,CIN,,0.0,0.0,,,,,,0.0,,1.0,,,,,,,,,,,,,,,,,,,,0.2,0.0,0.3
00-0033466,I.McKenzie,Isaiah McKenzie,WR,WR,2022,17,REG,2022_17_BUF_CIN,BUF,CIN,,0.0,0.0,,,,,,0.0,,1.0,,,,,,,,,,,,,,,,,,,,0.2,0.0,0.3
00-0031588,S.Diggs,Stefon Diggs,WR,WR,2022,17,REG,2022_17_BUF_CIN,BUF,CIN,,4.6,2.6,,,,,2.0,13.0,,2.0,26.0,,,2.0,13.0,,,,,,,,,,,,,,,0.4,1.0,1.3
00-0037753,C.Taylor-Britt,Cam Taylor-Britt,DB,DB,2022,17,REG,2022_17_BUF_CIN,CIN,BUF,1.0,0.0,0.0,,,,,,0.0,,0.0,,,,,,,,,,,,,,,,,,,,0.0,0.0,0.0
00-0032379,E.Apple,Eli Apple,DB,CB,2022,17,REG,2022_17_BUF_CIN,CIN,BUF,1.0,0.0,0.0,,,,,,0.0,,0.0,,,,,,,,,,,,,,,,,,,,0.0,0.0,0.0
00-0034675,J.Bates,Jessie Bates,DB,FS,2022,17,REG,2022_17_BUF_CIN,CIN,BUF,1.0,0.0,0.0,,,,,,0.0,,0.0,,,,,,,,,,,,,,,,,,,,0.0,0.0,0.0
00-0032521,M.Hilton,Mike Hilton,DB,CB,2022,17,REG,2022_17_BUF_CIN,CIN,BUF,4.0,0.0,0.0,,,,,,0.0,,0.0,,,,,,,,,,,,,,,,,,,,0.0,0.0,0.0
00-0032939,V.Bell,Vonn Bell,DB,SS,2022,17,REG,2022_17_BUF_CIN,CIN,BUF,1.0,0.0,0.0,1.0,,,,,0.0,,0.0,,,,,,,,,,,,,,,,,,,,0.0,0.0,0.0
00-0036854,E.McPherson,Evan McPherson,K,K,2022,17,REG,2022_17_BUF_CIN,CIN,BUF,,0.0,0.0,,,,,,0.0,,0.0,,1.0,1.0,,,,,,,,,,,,,,,,,0.0,0.0,0.0
00-0036294,L.Wilson,Logan Wilson,LB,ILB,2022,17,REG,2022_17_BUF_CIN,CIN,BUF,,0.0,0.0,1.0,,,,,0.0,,0.0,,,,,,,,,,,,,,,,,,,,0.0,0.0,0.0
00-0036442,J.Burrow,Joe Burrow,QB,QB,2022,17,REG,2022_17_BUF_CIN,CIN,BUF,,6.28,6.28,,1.0,1.0,2.0,,0.0,,0.0,,,,,,,,34.0,4.0,4.0,2.0,1.0,52.0,,,,,,,0.0,0.0,0.0
00-0033897,J.Mixon,Joe Mixon,RB,RB,2022,17,REG,2022_17_BUF_CIN,CIN,BUF,,1.2,1.2,,2.0,,12.0,,0.0,,0.0,,,,,,,,,,,,,,,,,,,,0.0,0.0,0.0
00-0035291,T.Williams,Trayveon Williams,RB,RB,2022,17,REG,2022_17_BUF_CIN,CIN,BUF,,0.0,0.0,,,,,,0.0,,0.0,,,,,,,,,,,,,,1.0,26.0,,,,,0.0,0.0,0.0
00-0034830,H.Hurst,Hayden Hurst,TE,TE,2022,17,REG,2022_17_BUF_CIN,CIN,BUF,,4.5,2.5,,,,,2.0,15.0,,2.0,25.0,,,1.0,10.0,,,,,,,,,,,,,,,0.5,0.4412,1.0588
00-0036410,T.Higgins,Tee Higgins,WR,WR,2022,17,REG,2022_17_BUF_CIN,CIN,BUF,,2.3,1.3,,,,,1.0,5.0,,1.0,13.0,,,1.0,8.0,,,,,,,,,,,,,,,0.25,0.1471,0.478
00-0033009,T.Boyd,Tyler Boyd,WR,WR,2022,17,REG,2022_17_BUF_CIN,CIN,BUF,,8.4,7.4,,,,,1.0,14.0,1.0,1.0,14.0,,,,,,,,,,,,,,,,,,,0.25,0.4118,0.6633
