Year,Number,Player Picked,Team,Original Team,Number of starts before next transaction,Number of trades,Commissioner moved?,Avg PPG on team,Avg PPG on team adjusted by position,Pick-adjusted Difference in Avg PPG on team adjusted by position,Avg career PPG,Avg career PPG adjusted by position,Pick-adjusted Difference in Avg career PPG adjusted by position,Player addition value,Pick-adjusted Difference in Player addition value,% of starts made while rostered by drafting team,Points added,Avg points added,Avg points added adjusted by position,Pick-adjusted Difference in Avg points added adjusted by position,O-Score,Age when drafted,Cuff when drafted?,Tanking,Injury adjusted % of starts made while rostered by drafting team,KTC on draft day,Pick-adjusted Difference in KTC on draft day,KTC at end of rookie year,Pick-adjusted Difference in KTC at end of rookie year,KTC 1 year after draft day,Pick-adjusted Difference in KTC 1 year after draft day,KTC 2 years after draft day,Pick-adjusted Difference in KTC 2 years after draft day,KTC 3 years after draft day,Pick-adjusted Difference in KTC 3 years after draft day,KTC 4 years after draft day,Pick-adjusted Difference in KTC 4 years after draft day,Length of tenure on team,Weeks before first start,Link to next transaction,Link to previous transaction
2021 (vet),1.01,AJ Dillon,stevenb123,stevenb123,0,0,False,6.61,6.63,-1.9714,8.43,8.45,-0.4875,6.63,-10.4423,0.0,0.0,0.0,0.0,-5.8987,41.2,23.33,False,0.0004,0.0,3561.0,480.75,4396.0,1705.625,4743.0,2300.625,2914.0,1265.875,677.0,-355.125,1070.0,360.375,61.0,,T#373,
2021 (vet),1.02,Marquise Brown,JacobRosenzweig,JacobRosenzweig,19,0,False,14.3,15.09,7.6971,10.79,11.38,2.8087,45.2625,33.7092,0.5588,251.2,13.22,13.94,9.7837,81.3,24.24,False,-0.0002,0.7308,2864.0,-303.375,3584.0,792.125,4428.0,1946.25,3604.0,2042.125,2944.0,2195.25,2087.0,1504.5,725.0,6,T#123,
2021 (vet),1.03,Damien Harris,AceMatthew,AceMatthew,0,0,False,,,,9.84,9.86,1.0987,,,,0.0,0.0,0.0,-5.8987,37.7,24.54,False,-0.0011,,3687.0,622.5,3601.0,811.25,2729.0,34.875,1891.0,115.0,0.0,-1116.75,0.0,-843.375,0.0,,T#6,
2021 (vet),1.04,Mike Gesicki,BROsenzweig,BROsenzweig,9,0,False,9.35,11.23,3.2857,7.2,8.66,-0.2513,25.2672,10.8574,0.45,99.9,11.1,13.34,9.1088,68.0,25.91,False,-0.002,0.4737,2948.0,-208.875,2737.0,-160.75,2307.0,-439.875,1321.0,-526.25,1288.0,332.25,1751.0,1126.5,396.0,3,T#57,
2021 (vet),1.05,Michael Gallup,plehv79,plehv79,3,0,False,10.17,10.72,2.7029,7.54,7.95,-1.05,17.1124,1.5376,0.1765,24.5,8.17,8.61,3.7875,48.2,25.49,False,-0.0028,0.3333,3377.0,273.75,3056.0,198.125,2796.0,110.25,1950.0,181.375,0.0,-1116.75,0.0,-843.375,333.0,13,T#303,
2021 (vet),1.06,Gus Edwards,LWebs53,LWebs53,0,0,False,0.0,0.0,-10.0314,7.98,8.0,-0.8638,0.0,-18.6905,0.0,0.0,0.0,0.0,-6.69,30.1,26.38,False,0.0024,,3682.0,652.25,1857.0,-780.125,1361.0,-1035.75,1094.0,-507.25,2270.0,1521.625,0.0,-709.625,79.0,,T#162,
2021 (vet),1.07,Tyler Higbee,Oliverwkw,Oliverwkw,7,0,False,8.35,10.03,3.4914,8.22,9.88,1.1662,13.7238,2.6433,0.1373,65.8,9.4,11.3,6.6188,62.8,28.66,False,-0.0071,0.1556,2565.0,-639.25,1847.0,-684.75,1388.0,-674.0,1551.0,-98.0,1001.0,-450.625,1199.0,177.0,1092.0,5,#987,
2021 (vet),1.08,Melvin Gordon,shmuel256,shmuel256,0,0,False,13.11,13.14,5.8763,9.96,9.99,1.0225,18.14,3.5838,0.0,0.0,0.0,0.0,-7.9588,42.2,28.38,True,-0.0056,0.0,2055.0,-1129.625,2223.0,-241.0,2187.0,3.75,130.0,-1856.75,0.0,-1816.75,0.0,-1171.875,76.0,,T#53,
2021 (vet),2.01,Irv Smith,shmuel256,shmuel256,0,0,False,0.0,0.0,-8.835,4.81,5.78,-3.9413,0.0,-16.7238,0.0,0.0,0.0,0.0,-7.7413,28.2,23.06,False,-0.0003,,3464.0,429.5,2618.0,282.5,2343.0,161.125,1644.0,11.625,754.0,-807.5,640.0,-233.0,56.0,,T#160,
2021 (vet),2.02,Marquez Callaway,Oliverwkw,Oliverwkw,1,0,False,9.49,10.01,2.8743,7.02,7.41,-2.7525,11.3275,-3.7226,0.0588,6.0,6.0,6.33,0.4562,36.2,23.43,False,0.0004,0.0625,3278.0,273.0,1431.0,-975.125,996.0,-1295.75,719.0,-1052.125,0.0,-1983.5,0.0,-1352.125,308.0,7,#915,
2021 (vet),2.03,Jordan Love,LWebs53,LWebs53,1,0,False,0.79,0.67,-9.3029,14.34,12.06,2.145,5.7161,-12.7267,0.0294,10.9,10.9,9.17,2.2012,64.1,22.82,True,0.0094,0.0323,3143.0,102.75,2731.0,498.25,1777.0,-368.375,4443.0,3087.625,7301.0,6211.625,5785.0,4732.625,687.0,8,T#62,
2021 (vet),2.04,Mike Williams,plehv79,plehv79,10,0,False,14.65,15.45,8.9929,11.38,12.0,2.5787,43.3028,32.1615,0.5882,141.5,14.15,14.92,10.0825,67.3,26.9,False,-0.0048,0.6667,3020.0,-7.0,3435.0,1279.875,4498.0,2730.125,3172.0,1851.625,1920.0,283.125,0.0,-1625.625,333.0,1,T#303,
2021 (vet),2.05,Matt Ryan,BROsenzweig,BROsenzweig,11,0,False,12.67,10.66,4.8086,12.46,10.48,0.7038,24.4678,12.6401,0.4583,151.7,13.79,11.6,6.3475,54.1,36.28,False,-0.0175,0.4783,3156.0,99.125,2104.0,-196.625,2452.0,450.0,0.0,-1762.875,0.0,-1911.75,0.0,-1625.625,423.0,0,#206,
2021 (vet),2.06,Jakobi Meyers,AceMatthew,AceMatthew,0,0,False,,,,12.43,13.11,2.8513,,,,0.0,0.0,0.0,-6.7025,56.9,24.8,False,-0.0014,,2955.0,-35.125,2434.0,89.25,2328.0,166.75,2135.0,170.0,2622.0,761.75,3193.0,1647.25,0.0,,T#6,
2021 (vet),2.07,Sam Darnold,JacobRosenzweig,JacobRosenzweig,4,0,False,12.51,10.52,3.3929,12.68,10.67,-0.1313,18.1378,3.6384,0.2353,55.18,13.79,11.6,5.6513,66.1,24.23,False,-0.0002,0.3636,3829.0,841.25,1770.0,-764.875,971.0,-1628.5,1492.0,-564.875,2418.0,379.75,3387.0,1695.25,363.0,3,#400,
2021 (vet),2.08,Sony Michel,stevenb123,stevenb123,0,0,False,0.2,0.2,-9.6457,5.85,5.87,-4.8813,0.2,-17.8455,0.0,0.0,0.0,0.0,-7.1225,16.6,26.53,False,-0.0053,0.0,2336.0,-750.25,1930.0,-472.75,1089.0,-1493.625,0.0,-1847.125,0.0,-1544.875,0.0,-1497.75,17.0,,#1385,
2021 (vet),3.01,Russell Gage,stevenb123,stevenb123,0,0,False,3.9,4.11,-5.1286,10.73,11.31,1.1137,4.11,-13.752,0.0,0.0,0.0,0.0,-7.145,31.9,25.6,False,-0.0037,0.0,2430.0,-712.125,2056.0,-373.625,2014.0,-358.625,498.0,-1348.125,279.0,-1403.375,0.0,-1670.0,24.0,,#1388,
2021 (vet),3.02,Tony Pollard,JacobRosenzweig,JacobRosenzweig,0,0,False,10.51,10.53,2.5983,12.24,12.27,2.925,10.53,-5.1611,0.0,0.0,0.0,0.0,-5.695,56.8,24.33,False,-0.0003,0.0,2729.0,-236.25,3301.0,1105.5,3493.0,1474.625,5396.0,4069.625,2964.0,1531.375,3194.0,1923.25,389.0,,T#120,
2021 (vet),3.03,Jameis Winston,AceMatthew,AceMatthew,5,0,False,9.83,8.27,1.0771,11.07,9.31,0.9938,13.1689,0.025,0.1786,70.72,14.14,11.9,7.6925,61.7,27.64,False,-0.005,0.3125,4133.0,1597.625,2288.0,175.0,3145.0,1258.625,811.0,-889.25,1220.0,-148.375,1362.0,261.375,451.0,0,#65,
2021 (vet),3.04,Mecole Hardman,BROsenzweig,BROsenzweig,4,0,False,8.89,9.38,2.6314,6.5,6.86,-0.8725,12.6009,0.0355,0.125,26.4,6.6,6.96,3.585,52.7,23.47,False,0.0017,0.1667,2438.0,-24.875,1834.0,-169.5,1760.0,-202.375,1273.0,-183.0,936.0,-165.625,846.0,104.25,479.0,6,#222,
2021 (vet),3.05,Kirk Cousins,plehv79,plehv79,11,0,False,17.96,15.11,8.225,15.46,13.0,6.415,45.9288,36.8572,0.6471,197.54,17.96,15.1,12.7425,86.6,33.03,False,-0.0134,0.7333,3561.0,1306.375,3776.0,2154.25,3743.0,2065.125,3662.0,2442.0,3299.0,2423.5,1378.0,702.75,320.0,0,T#166,
2021 (vet),3.06,Adam Trautman,LWebs53,LWebs53,0,0,False,,,,3.85,4.63,-1.5575,,,,0.0,0.0,0.0,-4.245,27.9,24.56,False,0.006,,2040.0,-395.125,1476.0,-195.5,1097.0,-659.875,740.0,-783.0,687.0,-480.125,0.0,-847.5,2.0,,#511,
2021 (vet),3.07,DeeJay Dallas,Oliverwkw,Oliverwkw,0,0,False,0.5,0.5,-7.708,1.92,1.92,-4.835,0.5,-16.4957,0.0,0.0,0.0,0.0,-4.245,20.7,22.95,False,0.001,0.0,920.0,-1734.25,761.0,-885.625,924.0,-731.875,541.0,-840.375,364.0,-1074.25,0.0,-1010.125,38.0,,#892,
2021 (vet),3.08,Phillip Lindsay,shmuel256,shmuel256,0,0,False,8.5,8.52,1.228,3.54,3.55,-2.6825,13.52,-0.5799,0.0,0.0,0.0,0.0,-2.7575,34.2,27.1,True,-0.0043,0.0,1554.0,-706.125,440.0,-1097.125,194.0,-1249.875,0.0,-1413.625,0.0,-1331.25,0.0,-839.875,17.0,,#1221,
2021 (vet),4.01,Denzel Mims,shmuel256,shmuel256,0,0,False,,,,2.68,2.83,-3.8875,,,,0.0,0.0,0.0,-2.8862,25.7,23.89,False,-0.0011,,1793.0,-349.5,818.0,-453.25,796.0,-352.625,501.0,-690.875,554.0,-591.0,0.0,-734.125,0.0,,T#370,
2021 (vet),4.02,Ryan Fitzpatrick,Oliverwkw,Oliverwkw,0,0,False,-0.28,-0.24,-7.054,-0.28,-0.24,-6.4988,-0.24,-8.9636,0.0,0.0,0.0,0.0,-0.9988,28.7,38.76,False,-0.0213,0.0,2353.0,435.75,154.0,-879.625,0.0,-980.5,0.0,-976.25,0.0,-884.125,0.0,-561.875,33.0,,#889,
2021 (vet),4.03,Jared Goff,LWebs53,LWebs53,0,0,False,,,,16.77,14.1,10.2125,,,,0.0,0.0,0.0,-0.9988,69.2,26.87,False,0.0014,,3362.0,1825.875,2387.0,1817.0,2512.0,1969.25,4064.0,3683.625,4810.0,4613.0,4495.0,4495.0,2.0,,#389,
2021 (vet),4.04,Sterling Shepard,plehv79,plehv79,0,0,False,11.1,11.71,7.386,6.41,6.76,1.6513,11.71,5.4764,0.0,0.0,0.0,0.0,-0.9988,51.3,28.55,False,-0.0071,0.0,1614.0,-195.25,1091.0,385.5,719.0,37.125,528.0,-226.75,0.0,-752.75,0.0,-561.875,363.0,,#1068,
2021 (vet),4.05,Cam Newton,BROsenzweig,BROsenzweig,2,0,False,11.91,10.02,5.358,11.91,10.02,5.3188,14.5679,8.9059,0.1176,19.0,9.5,7.99,7.99,67.0,32.3,False,-0.0116,0.2857,1736.0,-58.0,85.0,-746.25,0.0,-771.75,0.0,-820.75,0.0,-752.75,0.0,-561.875,362.0,11,#197,
2021 (vet),4.06,Parris Campbell,AceMatthew,AceMatthew,0,0,False,3.15,3.32,-2.682,5.94,6.26,1.0888,3.32,-4.5916,0.0,0.0,0.0,0.0,-0.9988,45.1,24.12,False,-0.0006,0.0,2319.0,597.875,1211.0,520.5,1602.0,1030.5,1436.0,794.75,658.0,-12.5,0.0,-561.875,35.0,,#35,
2021 (vet),4.07,Josh Doctson,JacobRosenzweig,JacobRosenzweig,0,0,False,0.0,0.0,-6.666,0.0,0.0,-5.9537,0.0,-8.5756,0.0,0.0,0.0,0.0,-0.9988,29.5,28.74,False,-0.0067,,0.0,-2011.0,0.0,-841.875,107.0,-651.375,37.0,-779.125,0.0,-752.75,0.0,-561.875,296.0,,#396,
2021 (vet),4.08,Anthony Firkser,stevenb123,stevenb123,0,0,False,,,,3.62,4.35,-1.06,,,,0.0,0.0,0.0,-0.9988,34.7,26.52,False,-0.0053,,1357.0,-484.375,549.0,-224.25,244.0,-497.25,0.0,-820.75,0.0,-752.75,0.0,-561.875,12.0,,#1383,
startup,1.01,Christian McCaffrey,Oliverwkw,Oliverwkw,41,0,False,22.52,23.13,7.0812,22.33,22.93,8.7025,91.4507,30.611,0.6119,937.46,22.86,23.49,6.375,74.8,24.26,False,-0.0015,0.9762,9999.0,896.875,9937.0,2096.875,9574.0,2605.875,6035.0,703.375,6518.0,2174.625,7262.0,3343.0,1335.0,0,T#257,
startup,1.02,Saquon Barkley,LWebs53,LWebs53,2,0,False,7.7,7.91,-10.0413,16.54,16.99,2.02,18.2927,-51.6917,0.1429,15.4,7.7,7.91,-11.1525,30.9,23.58,False,0.0019,1.0,9983.0,878.875,8519.0,501.625,6727.0,-597.0,5179.0,-259.625,5838.0,1409.625,5625.0,1501.375,97.0,0,T#52,
startup,1.03,Ezekiel Elliott,JacobRosenzweig,JacobRosenzweig,41,0,False,11.35,11.66,-5.8225,11.03,11.33,-4.3475,33.3088,-34.7986,0.4881,582.46,14.21,14.59,-3.6375,9.4,25.14,False,0.0017,0.5467,8850.0,-395.75,6431.0,-1847.375,5834.0,-1601.625,3706.0,-1916.75,1519.0,-3449.25,1657.0,-2962.625,1754.0,0,#433,
startup,1.04,Dalvin Cook,AceMatthew,AceMatthew,9,0,False,24.95,25.63,9.8937,13.49,13.86,-1.5013,98.1341,38.1299,0.8182,239.3,26.59,27.31,10.6725,43.9,25.09,False,-0.002,1.0,8043.0,-1303.625,8176.0,115.75,7455.0,222.0,5127.0,-318.125,2695.0,-2126.25,692.0,-4048.25,80.0,0,T#5,
startup,1.05,Lamar Jackson,stevenb123,stevenb123,38,0,False,20.17,16.17,-0.7487,20.64,16.55,1.525,69.6413,6.0755,0.76,766.62,20.17,16.17,-1.86,65.0,23.67,False,-0.0019,1.0,9999.0,896.875,8188.0,129.25,7931.0,757.5,7987.0,2899.375,7945.0,3780.0,9002.0,5300.5,1005.0,0,T#319,
startup,1.06,Patrick Mahomes,plehv79,plehv79,94,0,False,20.94,16.78,0.205,21.09,16.9,2.4013,99.1549,39.4096,0.9126,1968.6,20.94,16.79,-0.85,76.6,24.98,False,-0.0046,0.9895,9999.0,1220.5,9999.0,2515.375,9999.0,3488.5,9470.0,4720.875,9996.0,6382.5,9998.0,6900.125,2204.0,0,,
startup,1.07,Michael Thomas,BROsenzweig,BROsenzweig,15,0,False,11.24,11.69,-7.1387,11.05,11.5,-4.0125,27.2467,-51.1531,0.2239,189.8,12.65,13.16,-6.5512,8.5,27.52,False,-0.0055,0.75,9185.0,516.25,6649.0,-1218.5,4255.0,-3016.75,3144.0,-2372.875,2138.0,-2512.75,0.0,-4488.5,1392.0,0,T#77,
startup,1.08,Clyde Edwards-Helaire,shmuel256,shmuel256,6,0,False,13.87,14.25,-5.2625,8.59,8.83,-7.7388,36.48,-46.3049,0.5455,97.5,16.25,16.69,-3.2175,12.4,21.42,False,0.0034,0.6,8408.0,-84.0,6639.0,-1167.625,6093.0,-947.625,3192.0,-2535.75,1429.0,-3779.625,889.0,-3543.5,82.0,0,T#299,
startup,2.01,Alvin Kamara,shmuel256,shmuel256,21,0,False,23.66,24.3,7.1625,17.39,17.86,2.08,104.4589,31.8291,0.913,496.8,23.66,24.3,6.6863,63.3,25.13,False,-0.003,1.0,8350.0,-163.125,8120.0,701.625,7451.0,908.875,4848.0,-467.375,3187.0,-2147.625,3489.0,-1061.25,414.0,0,T#373,
startup,2.02,Derrick Henry,BROsenzweig,BROsenzweig,38,0,False,20.43,20.99,3.945,18.57,19.07,4.3063,90.4002,20.3696,0.76,776.36,20.43,20.99,3.5738,72.5,26.68,False,-0.0039,1.0,7410.0,-838.875,7147.0,59.375,6338.0,193.25,4810.0,317.5,4157.0,-63.25,3429.0,-3.5,1040.0,0,T#62,
startup,2.03,Tyreek Hill,plehv79,plehv79,31,0,False,20.04,20.85,2.8313,18.94,19.7,4.645,95.6201,25.1968,0.9394,621.2,20.04,20.85,2.4612,83.4,26.53,False,-0.0075,1.0,8291.0,390.625,8240.0,1496.125,7073.0,1385.125,4995.0,1043.75,6278.0,2941.75,6752.0,4502.375,673.0,0,T#166,
startup,2.04,Austin Ekeler,stevenb123,stevenb123,24,0,False,19.17,19.69,1.3463,16.66,17.11,1.5312,77.6228,2.7376,0.7273,460.1,19.17,19.69,0.8813,56.4,25.32,False,-0.0047,1.0,6659.0,-1266.5,5934.0,-1196.375,5823.0,-321.5,5441.0,1353.5,5273.0,1384.0,2098.0,-1048.125,683.0,0,T#236,
startup,2.05,Josh Jacobs,AceMatthew,AceMatthew,82,0,False,16.24,16.68,-2.61,16.14,16.58,-0.2625,84.8727,5.7797,0.7961,1322.7,16.13,16.57,-2.9563,60.7,22.58,False,0.0026,0.9111,8154.0,456.625,6551.0,-597.375,4825.0,-1460.875,3484.0,-992.25,5461.0,1295.875,4234.0,1038.5,2204.0,0,,
startup,2.06,Julio Jones,JacobRosenzweig,JacobRosenzweig,17,0,False,11.65,12.12,-7.7538,9.25,9.63,-8.6862,34.7889,-53.3491,0.5152,184.3,10.84,11.28,-8.9213,5.4,31.59,False,-0.0102,0.7222,6945.0,-756.625,4569.0,-2717.25,3639.0,-2689.625,1366.0,-3351.25,0.0,-5161.25,0.0,-3750.375,662.0,0,T#119,
startup,2.07,Davante Adams,LWebs53,LWebs53,31,0,False,23.49,24.43,6.26,19.09,19.86,3.1575,107.516,28.2635,0.8611,728.1,23.49,24.43,6.1112,76.1,27.71,False,-0.0057,1.0,8092.0,650.125,8342.0,1731.5,7079.0,1335.0,5325.0,971.25,5045.0,336.875,3858.0,545.0,747.0,0,T#169,
startup,2.08,Nick Chubb,Oliverwkw,Oliverwkw,50,0,False,12.79,13.13,-6.2187,12.75,13.1,-4.1287,44.9447,-36.7761,0.495,747.7,14.95,15.36,-3.8338,29.2,24.71,False,-0.0024,0.7692,7754.0,288.875,7435.0,1007.5,6658.0,1058.125,4680.0,214.375,5555.0,1229.125,2518.0,-567.625,2172.0,0,#1037,
startup,3.01,George Kittle,Oliverwkw,Oliverwkw,46,0,False,13.74,18.81,0.5462,13.46,18.41,2.1238,77.3924,1.0184,0.6866,649.0,14.11,19.31,0.985,65.6,26.92,False,-0.0064,0.92,8078.0,489.75,7400.0,883.75,6226.0,602.375,4345.0,-56.875,3826.0,-558.625,3420.0,266.75,1328.0,0,T#256,
startup,3.02,Travis Kelce,LWebs53,LWebs53,61,0,False,17.84,24.41,7.2312,16.59,22.7,7.3025,126.7348,63.4753,0.9104,1088.06,17.84,24.41,6.8575,85.6,30.93,False,-0.0116,1.0,7175.0,-555.25,7241.0,369.5,6607.0,1112.0,4658.0,127.875,5695.0,1569.75,3694.0,749.25,1341.0,0,T#72,
startup,3.03,Mark Andrews,JacobRosenzweig,JacobRosenzweig,44,0,False,14.37,19.67,1.3375,11.98,16.39,-0.1212,92.0436,20.6865,0.88,613.5,13.94,19.08,0.21,67.6,25.01,False,0.0019,0.9773,6479.0,-1454.375,5514.0,-1902.125,5101.0,-857.0,5861.0,1266.0,5577.0,1064.625,3788.0,569.25,1078.0,0,T#124,
startup,3.04,Joe Mixon,AceMatthew,AceMatthew,13,0,False,18.48,18.98,1.8188,16.7,17.15,1.54,52.7955,-16.9747,0.4643,237.7,18.28,18.78,1.035,56.7,24.13,False,-0.0003,0.7647,8139.0,463.375,5869.0,-1369.75,5499.0,-354.25,5245.0,553.5,3730.0,-775.625,3593.0,584.0,451.0,0,T#9,
startup,3.05,Chris Godwin,stevenb123,stevenb123,25,0,False,16.04,16.69,-1.35,14.3,14.88,-0.5987,67.2955,-2.5775,0.7576,401.1,16.04,16.69,-1.63,56.9,24.54,False,-0.0034,1.0,7968.0,280.875,6609.0,-433.25,5581.0,7.75,4596.0,58.75,4014.0,-216.0,3541.0,697.625,686.0,0,T#303,
startup,3.06,Deshaun Watson,plehv79,plehv79,22,0,False,16.97,13.6,-4.795,17.17,13.76,-1.3963,29.2997,-44.4706,0.2619,425.14,19.32,15.49,-2.8863,37.6,24.99,False,-0.0046,0.5116,8387.0,983.875,9234.0,2677.375,4177.0,-1579.625,4823.0,291.75,5255.0,1202.75,2840.0,-36.0,1807.0,0,#1140,
startup,3.07,DeAndre Hopkins,BROsenzweig,BROsenzweig,44,0,False,15.97,16.61,-0.7112,11.75,12.23,-2.64,64.8781,0.8232,0.6984,697.5,15.85,16.49,-1.0638,44.2,28.26,False,-0.0069,0.8269,7874.0,375.0,7199.0,224.375,5837.0,209.75,3088.0,-2159.625,2979.0,-1314.625,2286.0,-942.5,1183.0,0,T#68,
startup,3.08,Russell Wilson,shmuel256,shmuel256,33,0,False,17.92,14.37,-2.4963,16.72,13.41,-0.5037,55.5726,-3.3582,0.7333,623.0,18.88,15.13,-1.9412,47.7,31.78,False,-0.0145,0.8684,7690.0,204.375,7278.0,586.875,6639.0,1510.75,5481.0,1161.25,3144.0,-454.875,1985.0,-807.625,812.0,0,T#313,
startup,4.01,Miles Sanders,shmuel256,shmuel256,2,0,False,17.4,17.87,1.7663,9.52,9.78,-4.4863,60.2675,1.9752,0.6667,34.8,17.4,17.87,1.3588,40.1,23.36,False,0.0,1.0,7675.0,300.375,6603.0,-174.375,4500.0,-822.125,2797.0,-1769.0,3634.0,162.875,1141.0,-1824.25,20.0,1,T#51,
startup,4.02,Aaron Jones,BROsenzweig,BROsenzweig,11,0,False,18.07,18.56,2.7,14.33,14.71,1.3637,70.5748,14.9166,0.7857,198.8,18.07,18.56,2.32,69.9,25.77,False,-0.0023,1.0,6225.0,-1005.75,6140.0,-435.375,6289.0,1464.75,4524.0,423.5,3645.0,493.25,2980.0,510.25,97.0,0,T#52,
startup,4.03,Jonathan Taylor,plehv79,plehv79,34,0,False,18.33,18.83,3.4437,18.38,18.88,6.865,84.5902,31.3795,0.8718,623.2,18.33,18.83,3.515,88.2,21.64,False,0.0015,1.0,7429.0,507.625,8550.0,2752.125,7232.0,2603.625,8654.0,5537.25,5350.0,3068.25,5960.0,4217.75,773.0,0,T#308,
startup,4.04,Kenyan Drake,stevenb123,stevenb123,9,0,False,13.43,13.79,-2.2825,9.66,9.92,-3.56,41.7452,-18.1947,0.6429,121.4,13.49,13.86,-2.0937,22.4,26.62,False,-0.007,0.75,6188.0,-940.875,3325.0,-3355.25,1911.0,-3732.375,831.0,-3800.5,184.0,-2986.75,0.0,-3068.125,97.0,0,T#158,
startup,4.05,Mike Evans,LWebs53,AceMatthew,23,1,False,15.74,16.38,0.5137,15.71,16.34,3.5025,52.3823,-5.3399,0.6389,376.7,16.38,17.04,1.4612,70.4,27.06,False,-0.0045,0.7188,7236.0,564.25,5884.0,-101.25,4911.0,-74.125,4531.0,1047.125,3198.0,797.0,4130.0,1826.25,747.0,1,T#169,T#155
startup,4.06,Adam Thielen,JacobRosenzweig,JacobRosenzweig,38,0,False,14.83,15.43,-0.37,11.97,12.45,-0.755,56.5299,-1.6728,0.6909,555.5,14.62,15.21,-0.4125,46.1,30.05,False,-0.0073,0.7708,5367.0,-1382.125,4530.0,-1571.875,3387.0,-1891.0,2599.0,-1212.375,1470.0,-777.125,1416.0,-1084.375,1126.0,0,T#125,
startup,4.07,Kenny Golladay,AceMatthew,LWebs53,9,1,False,9.69,10.08,-5.4437,7.0,7.28,-5.8312,23.7349,-32.9885,0.3214,72.3,8.03,8.36,-7.345,12.1,26.85,False,-0.0053,0.6923,7116.0,531.5,5424.0,-425.5,3553.0,-1387.5,1083.0,-2842.125,0.0,-2264.25,0.0,-2402.375,450.0,3,T#8,T#1
startup,4.08,Kyler Murray,Oliverwkw,Oliverwkw,40,0,False,21.28,17.06,2.895,18.7,14.99,3.4538,75.8668,31.047,0.8,829.86,20.75,16.63,2.4625,83.3,23.09,False,0.0006,1.0,8293.0,1849.125,9033.0,3886.875,8636.0,4529.0,7383.0,4702.25,4925.0,3343.625,6933.0,5512.0,990.0,0,T#243,
startup,5.01,Chris Carson,Oliverwkw,Oliverwkw,15,0,False,14.91,15.31,1.3987,14.3,14.69,2.8575,48.468,4.0521,0.4545,223.6,14.91,15.31,1.0275,52.9,25.98,False,-0.0047,1.0,5081.0,-1855.375,4277.0,-1955.375,4373.0,-599.375,0.0,-4068.875,0.0,-2673.0,0.0,-2616.5,684.0,0,#917,
startup,5.02,Allen Robinson,AceMatthew,LWebs53,7,1,False,15.76,16.39,2.485,8.48,8.83,-3.7513,68.2595,22.3838,1.0,110.3,15.76,16.39,2.205,42.9,27.05,False,-0.0056,1.0,6425.0,-337.5,6182.0,-80.375,5319.0,194.75,3485.0,-281.75,675.0,-2383.0,0.0,-2981.0,49.0,0,T#4,T#1
startup,5.03,JuJu Smith-Schuster,JacobRosenzweig,JacobRosenzweig,24,0,False,10.57,11.0,-2.8975,8.45,8.79,-3.9113,25.9449,-20.9953,0.3582,285.3,11.89,12.37,-1.8363,21.9,23.8,False,0.0042,0.5217,6657.0,-59.625,5015.0,-1067.5,3755.0,-1286.25,3918.0,250.75,2312.0,-465.125,780.0,-2068.25,1373.0,0,#418,
startup,5.04,DJ Moore,LWebs53,AceMatthew,16,1,False,14.36,14.94,0.5387,13.45,13.99,0.7138,41.494,-7.0932,0.5714,227.7,14.23,14.8,-0.5812,62.0,23.41,False,0.0023,0.6154,7481.0,1119.25,6532.0,521.75,5647.0,541.875,4999.0,1097.625,4812.0,1904.0,5042.0,2726.5,451.0,0,T#9,T#155
startup,5.05,J.K. Dobbins,stevenb123,stevenb123,1,0,False,9.75,10.01,-4.8937,11.67,11.99,-0.7862,11.115,-39.5898,0.0303,13.1,13.1,13.46,-2.0787,41.5,21.73,False,0.0015,0.0714,6916.0,802.625,7259.0,1849.625,4571.0,-141.625,4553.0,1225.625,3992.0,1496.5,2631.0,880.75,636.0,14,T#377,
startup,5.06,A.J. Brown,plehv79,plehv79,66,0,False,16.73,17.41,3.455,15.83,16.47,4.37,83.8522,39.9136,0.7857,1100.4,16.67,17.34,2.265,89.1,23.2,False,-0.0013,0.9429,7189.0,938.125,8029.0,2507.125,7072.0,2571.375,5599.0,1995.25,6953.0,4344.5,7046.0,5446.625,1784.0,0,T#204,
startup,5.07,Zach Ertz,BROsenzweig,BROsenzweig,6,0,False,7.29,9.98,-3.6275,9.77,13.37,0.9938,22.7309,-21.4093,0.375,49.8,8.3,11.36,-2.8525,33.1,29.83,False,-0.0097,0.6,5232.0,-1163.0,1924.0,-4490.75,1159.0,-3868.0,2236.0,-1717.875,860.0,-2860.125,1134.0,-1377.0,400.0,0,#193,
startup,5.08,Darren Waller,shmuel256,shmuel256,28,0,False,13.19,18.05,4.9875,12.48,17.08,4.4837,52.4601,11.7596,0.4828,413.2,14.76,20.19,6.6013,63.3,27.99,False,-0.008,0.6829,5101.0,-1251.25,6363.0,177.125,5956.0,1248.5,4037.0,7.625,3547.0,50.875,0.0,-2964.75,1149.0,0,T#252,
startup,6.01,Robert Woods,shmuel256,shmuel256,22,0,False,15.53,16.15,3.3812,8.64,8.99,-4.3787,62.4286,24.3597,0.7857,350.1,15.91,16.55,2.8775,44.1,28.42,False,-0.0087,0.9167,5741.0,-384.375,4953.0,-1315.0,4420.0,-309.75,2345.0,-1850.125,805.0,-2767.5,0.0,-2669.25,450.0,0,T#8,
startup,6.02,Amari Cooper,BROsenzweig,BROsenzweig,42,0,False,14.54,15.12,1.5563,13.23,13.76,1.0,67.0754,22.8827,0.84,625.1,14.88,15.48,1.4713,70.7,26.23,False,-0.0031,0.9333,6454.0,596.25,5947.0,133.625,5178.0,557.625,3257.0,-558.625,3865.0,788.125,3208.0,992.5,998.0,0,T#60,
startup,6.03,Cam Akers,plehv79,plehv79,5,0,False,6.02,6.18,-8.1913,7.73,7.94,-5.42,8.7516,-36.2321,0.1111,17.1,3.42,3.51,-11.5463,21.1,21.22,False,0.0023,0.2381,5621.0,-40.25,7220.0,2225.125,3617.0,-508.75,2923.0,-698.0,3475.0,861.375,1381.0,-586.625,812.0,0,T#314,
startup,6.04,D'Andre Swift,stevenb123,stevenb123,5,0,False,14.32,14.71,0.1863,13.88,14.26,1.2875,28.1559,-22.4934,0.3125,78.9,15.78,16.21,1.7038,55.8,21.66,False,0.0016,0.4167,6184.0,486.75,7623.0,2274.875,5996.0,1742.625,6323.0,2627.875,3207.0,70.5,3276.0,1144.0,353.0,6,T#118,
startup,6.05,Courtland Sutton,AceMatthew,AceMatthew,16,0,False,10.27,10.69,-3.8063,11.62,12.08,-0.7837,30.4099,-21.0985,0.4444,181.9,11.37,11.83,-2.4287,40.4,24.92,False,-0.0017,0.8,6306.0,428.375,5779.0,194.375,4289.0,-214.875,4633.0,659.25,2681.0,-585.125,2678.0,28.875,748.0,16,T#12,
startup,6.06,Tyler Lockett,JacobRosenzweig,JacobRosenzweig,37,0,False,14.75,15.34,1.9212,11.43,11.89,-1.06,64.7528,21.0778,0.8222,536.3,14.49,15.08,1.775,59.3,27.95,False,-0.0035,0.9024,5488.0,-283.5,4616.0,-790.75,4454.0,425.125,2429.0,-1527.125,3087.0,-27.75,2209.0,-498.75,815.0,0,T#121,
startup,6.07,James Conner,LWebs53,LWebs53,12,0,False,14.53,14.93,2.5025,15.04,15.45,3.95,31.856,-8.5348,0.3636,160.6,13.38,13.75,1.3662,64.0,25.35,False,-0.0013,0.4615,4784.0,-809.75,2754.0,-2233.75,1554.0,-2190.125,3708.0,318.875,2857.0,196.625,3236.0,1057.625,661.0,0,T#165,
startup,6.08,Cooper Kupp,Oliverwkw,Oliverwkw,50,0,False,18.97,19.73,6.7725,15.95,16.59,4.3075,87.4599,47.6922,0.7463,945.0,18.9,19.66,6.515,89.1,27.24,False,-0.007,0.9615,6083.0,341.375,5153.0,311.375,4559.0,733.5,6229.0,2813.25,4775.0,2177.625,4344.0,1783.125,1335.0,0,T#257,
startup,7.01,Terry McLaurin,Oliverwkw,Oliverwkw,58,0,False,13.28,13.81,0.165,13.49,14.03,1.9112,61.5871,16.1397,0.7945,771.0,13.29,13.83,0.1862,69.6,24.99,False,-0.0029,0.8529,6666.0,1225.25,6411.0,1843.625,6253.0,2527.625,4576.0,1352.75,4058.0,1382.0,3539.0,1080.625,1498.0,0,T#270,
startup,7.02,David Johnson,LWebs53,LWebs53,6,0,False,11.86,12.18,-1.7112,9.24,9.49,-2.7713,34.104,-13.4886,0.5455,71.1,11.85,12.17,-1.7613,27.0,28.74,False,-0.0076,0.75,4074.0,-1694.25,2367.0,-2534.0,785.0,-3518.75,0.0,-3407.75,0.0,-3055.875,0.0,-2661.125,80.0,0,T#5,
startup,7.03,Le'Veon Bell,JacobRosenzweig,JacobRosenzweig,1,0,False,6.6,6.78,-7.2812,5.56,5.72,-6.8888,7.9049,-38.8382,0.0625,6.6,6.6,6.78,-7.2112,12.0,28.56,False,-0.0046,0.0909,4328.0,-1281.5,733.0,-3972.75,0.0,-3845.125,0.0,-3104.125,0.0,-2670.0,0.0,-2385.0,353.0,0,#391,
startup,7.04,Dak Prescott,AceMatthew,AceMatthew,60,0,False,18.98,15.22,2.9275,19.13,15.34,4.6837,59.3708,21.8904,0.5825,1160.72,19.35,15.51,4.3288,83.4,27.12,False,-0.0058,0.8219,8103.0,2989.875,8450.0,4665.625,7273.0,4254.25,5657.0,3396.0,4889.0,2986.0,5549.0,3944.25,2204.0,0,,
startup,7.05,Antonio Gibson,stevenb123,stevenb123,16,0,False,13.92,14.29,2.9775,10.12,10.39,0.0137,47.7206,17.7087,0.6957,223.9,13.99,14.37,4.3287,63.2,22.22,False,0.0007,0.8,4360.0,-1261.625,6687.0,2632.5,6889.0,3981.125,3130.0,1054.5,3119.0,1362.75,1651.0,-69.625,414.0,4,T#373,
startup,7.06,Odell Beckham,plehv79,plehv79,8,0,False,10.61,11.03,-0.38,8.34,8.68,-1.5888,20.0884,-7.7321,0.2424,95.92,11.99,12.47,2.6038,43.4,27.85,False,-0.0099,0.4,6334.0,993.5,4404.0,406.375,3448.0,464.625,1533.0,-465.625,1662.0,230.875,761.0,-628.5,716.0,0,#1069,
startup,7.07,Todd Gurley,BROsenzweig,BROsenzweig,2,0,False,11.0,11.3,-0.535,10.61,10.9,0.2562,31.7582,0.9547,0.6667,19.8,9.9,10.17,-0.4488,42.3,26.11,False,-0.0029,0.6667,4472.0,-1403.375,1420.0,-3684.625,0.0,-4226.25,0.0,-2825.375,0.0,-2333.375,0.0,-2101.875,20.0,0,T#51,
startup,7.08,Devin Singletary,shmuel256,shmuel256,0,0,False,8.98,9.22,-3.2612,9.2,9.45,-1.7387,9.22,-24.8026,0.0,0.0,0.0,0.0,-12.6863,25.6,23.02,False,0.0006,0.0,4588.0,-1198.875,3100.0,-2119.375,2216.0,-2087.0,2620.0,-31.0,1610.0,-690.25,2543.0,410.5,69.0,,#1196,
startup,8.01,DJ Chark,shmuel256,shmuel256,5,0,False,10.54,10.96,-1.6975,9.04,9.4,-1.8262,16.0617,-18.8224,0.1389,45.2,9.04,9.4,-2.5875,34.2,23.96,False,-0.001,0.25,6408.0,1152.875,5551.0,947.625,3288.0,-620.125,2218.0,-295.25,1831.0,-272.625,1373.0,-557.625,748.0,0,#1244,
startup,8.02,Carson Wentz,BROsenzweig,BROsenzweig,7,0,False,14.13,11.33,-1.1663,14.3,11.46,0.2012,16.4234,-17.4496,0.1707,91.98,13.14,10.53,-1.2075,33.4,27.7,False,-0.0058,0.1892,6391.0,1186.625,3673.0,-361.375,3416.0,385.0,2364.0,260.25,0.0,-1942.625,0.0,-1895.875,787.0,0,#208,
startup,8.03,DK Metcalf,plehv79,plehv79,38,0,False,15.24,15.85,3.61,14.14,14.71,3.3887,69.6383,41.2988,0.8636,580.5,15.28,15.89,4.6775,84.8,22.74,False,-0.0005,0.9268,6491.0,1566.375,8239.0,4828.125,7280.0,4884.75,5081.0,3281.5,5556.0,4371.875,4938.0,3563.25,806.0,2,T#58,
startup,8.04,Zack Moss,stevenb123,stevenb123,1,0,False,9.61,9.87,-3.1088,8.4,8.63,-3.5263,11.1194,-23.3628,0.05,12.8,12.8,13.15,1.7763,38.8,22.74,False,-0.0002,0.0667,3736.0,-1655.25,3331.0,-1043.875,2830.0,-462.0,1225.0,-1621.5,1345.0,-803.0,2788.0,803.125,393.0,8,#1381,
startup,8.05,Keenan Allen,LWebs53,AceMatthew,45,1,False,17.65,18.37,5.265,14.99,15.59,3.7363,73.1043,38.7843,0.6716,835.66,18.57,19.32,6.3762,84.5,28.37,False,-0.0069,0.8824,5669.0,280.125,5973.0,1414.5,5186.0,1581.5,4153.0,1665.125,3537.0,1249.875,2764.0,691.0,1341.0,0,T#23,T#155
startup,8.06,Drew Brees,JacobRosenzweig,JacobRosenzweig,9,0,False,16.68,13.37,-0.54,15.85,12.71,0.2525,39.9938,1.1904,0.5625,151.62,16.85,13.5,-1.1538,46.2,41.65,False,-0.0287,0.8182,3937.0,-1453.625,257.0,-4746.25,0.0,-4109.375,0.0,-2997.5,0.0,-2500.375,0.0,-2246.875,1571.0,0,#428,
startup,8.07,Hunter Henry,AceMatthew,LWebs53,13,1,False,9.87,13.5,0.3937,9.08,12.43,0.5713,29.0353,-9.9438,0.3939,129.5,9.96,13.63,-0.7438,52.2,25.76,False,-0.0033,0.4333,4196.0,-788.75,3982.0,-132.625,2226.0,-1210.75,1816.0,-743.0,1150.0,-1206.625,1530.0,-525.625,716.0,0,#50,T#1
startup,8.08,Marquise Brown,Oliverwkw,Oliverwkw,6,0,False,10.79,11.23,-1.1363,11.06,11.5,0.2338,22.3807,-10.9178,0.375,50.3,8.38,8.72,-5.2912,52.4,23.27,False,0.0003,0.4,5450.0,966.625,4224.0,994.75,2724.0,187.0,4520.0,2934.125,3500.0,2131.625,2731.0,1442.75,113.0,2,#881,
startup,9.01,Calvin Ridley,Oliverwkw,Oliverwkw,19,0,False,18.0,18.73,6.2375,13.44,13.99,2.28,69.907,36.066,0.6786,342.0,18.0,18.73,5.2525,84.1,25.72,False,-0.0042,1.0,6502.0,1953.0,7211.0,4173.25,7072.0,4939.5,2679.0,338.375,4915.0,3357.5,3224.0,1778.125,450.0,0,T#232,
startup,9.02,Melvin Gordon,LWebs53,LWebs53,2,0,False,12.07,12.4,-0.7575,11.05,11.35,-0.495,18.8188,-18.6707,0.2,33.6,16.8,17.26,3.875,41.5,27.41,False,-0.0051,0.25,4690.0,42.0,3393.0,-72.625,2141.0,-598.75,2142.0,-216.375,0.0,-2175.875,0.0,-1931.375,73.0,2,#473,
startup,9.03,Mark Ingram,JacobRosenzweig,JacobRosenzweig,2,0,False,4.9,5.03,-9.7437,6.22,6.39,-6.8887,6.8704,-41.5461,0.125,16.4,8.2,8.42,-6.7487,12.4,30.72,False,-0.0086,0.2,3403.0,-1702.0,289.0,-4760.625,261.0,-3956.75,672.0,-3120.0,0.0,-3409.5,0.0,-3180.25,413.0,3,#395,
startup,9.04,T.Y. Hilton,AceMatthew,AceMatthew,3,0,False,7.37,7.66,-6.0888,8.69,9.04,-3.8163,17.5391,-29.2016,0.5,23.3,7.77,8.08,-6.4625,16.7,30.82,False,-0.0126,0.5,3734.0,-1528.0,1398.0,-3530.125,580.0,-3716.25,0.0,-3949.75,0.0,-3884.375,0.0,-3275.25,41.0,0,#11,
startup,9.05,Deebo Samuel,stevenb123,stevenb123,20,0,False,17.67,18.38,6.1112,14.1,14.67,2.5512,62.9852,22.8475,0.6061,363.2,18.16,18.89,5.5725,83.9,24.65,False,-0.0036,0.9091,5313.0,332.125,4786.0,317.0,3942.0,68.625,5422.0,2499.5,4273.0,1360.25,4542.0,2175.875,662.0,4,T#119,
startup,9.06,David Montgomery,plehv79,plehv79,10,0,False,16.9,17.36,4.67,13.66,14.03,1.4663,51.2047,13.6209,0.625,166.6,16.66,17.11,3.9737,74.7,23.26,False,-0.0014,0.7143,4649.0,-270.875,5578.0,1178.0,5113.0,1429.625,3758.0,234.5,3569.0,471.75,3424.0,887.625,353.0,2,T#6,
startup,9.07,Josh Allen,BROsenzweig,BROsenzweig,97,0,False,23.62,18.93,6.3462,23.98,19.22,7.4975,115.4611,85.7555,0.9417,2290.72,23.62,18.93,5.8987,97.8,24.31,False,0.0004,1.0,6306.0,1562.875,9825.0,5753.25,9944.0,6700.0,9999.0,7226.375,9869.0,7317.25,9991.0,8083.0,2204.0,0,,
startup,9.08,Daniel Jones,shmuel256,shmuel256,4,0,False,9.89,7.93,-6.5137,14.6,11.7,-1.49,26.2977,-15.1857,0.8,41.34,10.34,8.28,-6.8212,33.6,23.29,False,0.0002,0.8,5783.0,627.75,4119.0,-1313.625,3173.0,-1551.5,2406.0,-1782.125,4949.0,1249.125,2290.0,-896.5,35.0,0,#1187,
startup,10.01,Jarvis Landry,shmuel256,shmuel256,2,0,False,9.72,10.11,-4.55,10.8,11.23,-2.21,15.0024,-28.4234,0.2,18.7,9.35,9.73,-5.9087,20.9,27.78,False,-0.0076,0.2222,4780.0,-632.25,3939.0,-2014.375,2703.0,-2464.375,1724.0,-2943.625,0.0,-4446.5,0.0,-3472.75,71.0,0,T#229,
startup,10.02,Stefon Diggs,BROsenzweig,BROsenzweig,1,0,False,20.27,21.08,8.6612,16.25,16.91,4.7225,37.696,2.8182,0.3333,14.9,14.9,15.5,1.5675,76.2,26.78,False,-0.0041,0.3333,5350.0,272.25,7451.0,2271.625,6723.0,2297.0,5823.0,2209.25,5687.0,2413.875,3468.0,996.5,20.0,2,T#51,
startup,10.03,Tyler Boyd,plehv79,plehv79,8,0,False,12.61,13.12,-0.2262,9.43,9.81,-3.4587,20.0492,-19.2489,0.2,140.3,17.54,18.24,4.6912,42.9,25.82,False,-0.0062,0.2162,4933.0,-42.125,5014.0,-166.375,3457.0,-1217.5,2376.0,-1613.0,1936.0,-1359.875,1540.0,-744.5,779.0,1,T#309,
startup,10.04,Jerry Jeudy,stevenb123,stevenb123,4,0,False,8.57,8.91,-4.0213,10.2,10.61,-1.255,11.9292,-15.3763,0.1212,55.1,13.78,14.33,2.6587,52.1,21.38,False,0.0021,0.1667,6177.0,1488.25,5470.0,1050.875,5334.0,1712.5,4403.0,1552.5,4265.0,2270.25,2527.0,1614.75,702.0,3,T#304,
startup,10.05,Kareem Hunt,AceMatthew,AceMatthew,14,0,False,11.27,11.57,-0.6363,10.29,10.57,-2.1638,21.7833,-1.602,0.28,188.5,13.46,13.83,3.1312,40.1,25.1,False,-0.002,0.359,4787.0,25.5,5384.0,407.125,3653.0,-739.125,3154.0,-743.0,1024.0,-2002.375,0.0,-2135.625,1058.0,2,T#17,
startup,10.06,Marvin Jones,JacobRosenzweig,JacobRosenzweig,7,0,False,10.98,11.42,-1.6463,9.93,10.33,-2.6875,17.2949,-10.6068,0.2,74.1,10.59,11.01,-0.9225,30.0,30.5,False,-0.0082,0.2121,3207.0,-1702.75,2106.0,-3465.125,2031.0,-2838.625,1090.0,-3418.75,573.0,-3013.875,0.0,-2519.0,745.0,3,#404,
startup,10.07,Tom Brady,LWebs53,LWebs53,28,0,False,20.98,16.82,5.1787,19.43,15.58,3.4375,68.9205,47.7136,0.8485,586.24,20.94,16.78,5.4388,69.4,43.1,False,-0.034,0.9032,3411.0,-1268.375,3149.0,-1716.25,3835.0,-254.125,3313.0,-681.625,0.0,-3015.125,0.0,-2085.5,506.0,0,#591,
startup,10.08,Michael Gallup,Oliverwkw,Oliverwkw,0,0,False,10.96,11.4,-0.96,8.45,8.79,-4.58,11.4,-16.1721,0.0,0.0,0.0,0.0,-11.1587,11.9,24.52,False,-0.002,0.0,5259.0,898.0,4191.0,-629.75,3397.0,-1002.75,2918.0,-1347.75,1789.0,-1362.5,0.0,-2625.0,113.0,,#882,
startup,11.01,Justin Jefferson,Oliverwkw,Oliverwkw,0,0,False,4.6,4.79,-9.3613,17.89,18.61,5.5437,4.79,-31.1807,0.0,0.0,0.0,0.0,-11.4975,50.9,21.24,False,0.004,0.0,4975.0,557.75,8495.0,3985.5,7657.0,3592.5,9529.0,5841.25,9961.0,7449.625,9550.0,7200.125,5.0,,T#227,
startup,11.02,Diontae Johnson,LWebs53,LWebs53,18,0,False,16.19,16.84,3.775,12.75,13.26,-1.1287,46.6452,14.3808,0.5455,290.4,16.13,16.78,7.86,64.2,24.18,False,0.0008,0.6207,4386.0,10.25,5415.0,614.5,4901.0,948.625,4554.0,638.625,4033.0,908.625,3067.0,-93.25,673.0,2,T#166,
startup,11.03,Leonard Fournette,JacobRosenzweig,JacobRosenzweig,14,0,False,14.68,15.08,1.6988,14.76,15.16,1.275,35.7636,2.2511,0.4242,225.4,16.1,16.54,7.2037,52.6,25.65,False,0.0008,0.5385,3711.0,-703.75,2847.0,-2305.875,2283.0,-1927.75,3933.0,-30.375,540.0,-3033.625,0.0,-3543.625,662.0,2,T#119,
startup,11.04,Brandon Aiyuk,AceMatthew,AceMatthew,0,0,False,12.93,13.45,0.8187,12.34,12.84,-0.44,13.45,-16.0103,0.0,0.0,0.0,0.0,-9.3063,41.9,22.49,False,0.0028,0.0,4234.0,88.5,5700.0,1193.75,5504.0,2123.0,4150.0,627.875,4816.0,1726.125,5856.0,3044.375,27.0,,T#3,
startup,11.05,CeeDee Lamb,stevenb123,stevenb123,47,0,False,15.99,16.63,4.0562,17.3,18.0,5.0725,72.5084,50.0904,0.8103,769.8,16.38,17.04,9.8637,94.3,21.43,False,0.002,0.8868,6343.0,2746.625,7284.0,3254.25,6912.0,3802.875,6390.0,3311.5,7316.0,4533.75,9876.0,7432.125,1151.0,0,T#22,
startup,11.06,William Fuller,plehv79,plehv79,2,0,False,14.35,14.93,1.3362,15.19,15.8,3.3287,33.9877,5.399,0.5,19.2,9.6,9.99,0.5337,50.1,26.4,False,-0.0072,0.5,3866.0,14.125,4632.0,907.375,0.0,-3239.0,0.0,-2851.75,0.0,-2810.375,0.0,-2880.875,27.0,0,T#3,
startup,11.07,Sterling Shepard,BROsenzweig,BROsenzweig,2,0,False,11.72,12.19,-1.4912,7.88,8.2,-5.4825,16.3978,-13.7288,0.125,27.1,13.55,14.1,5.6463,28.2,27.58,False,-0.0056,0.1818,2844.0,-1068.75,2357.0,-1529.625,1480.0,-1360.25,853.0,-1757.25,674.0,-2008.5,0.0,-2809.75,113.0,7,#188,
startup,11.08,Latavius Murray,shmuel256,shmuel256,0,0,False,8.95,9.19,-4.535,8.2,8.42,-4.4962,14.19,-15.1529,0.0,0.0,0.0,0.0,-9.3262,12.5,30.64,True,-0.0125,0.0,1780.0,-2298.75,829.0,-3228.375,418.0,-2391.375,0.0,-2385.625,406.0,-2370.125,0.0,-2925.0,362.0,,#1219,
startup,12.01,Tyler Higbee,shmuel256,shmuel256,0,0,False,10.32,14.12,0.9738,8.13,11.13,-1.1412,14.12,-17.2163,0.0,0.0,0.0,0.0,-11.22,22.5,27.69,False,-0.0074,0.0,2975.0,-978.375,1963.0,-1838.25,2630.0,330.5,1609.0,-349.5,1828.0,-345.75,1078.0,-1198.625,35.0,,#1189,
startup,12.02,Evan Engram,BROsenzweig,BROsenzweig,5,0,False,8.22,11.25,-1.1787,9.32,12.76,1.8413,15.6348,-8.0272,0.1515,40.9,8.18,11.19,2.7887,63.2,26.02,False,-0.0027,0.1724,4542.0,1299.875,3402.0,599.875,1784.0,71.75,1325.0,129.75,2870.0,1741.0,3170.0,2389.375,729.0,3,#201,
startup,12.03,Dallas Goedert,plehv79,plehv79,37,0,False,10.81,14.8,3.23,11.22,15.35,5.4875,41.3585,22.4845,0.4405,348.0,9.41,12.87,4.4175,78.6,25.69,False,-0.0059,0.5932,3851.0,561.25,4436.0,1950.25,3191.0,1271.125,3475.0,2376.875,3684.0,2435.875,2498.0,1321.25,1784.0,1,T#204,
startup,12.04,Hayden Hurst,stevenb123,stevenb123,7,0,False,9.09,12.43,1.2275,6.76,9.25,-1.0963,27.2857,7.8423,0.4375,48.2,6.89,9.42,2.2988,52.5,27.05,False,-0.0077,0.4667,3975.0,728.625,2685.0,248.5,974.0,-1038.0,1283.0,17.5,1021.0,-475.75,922.0,-451.75,352.0,0,#1379,
startup,12.05,Noah Fant,AceMatthew,AceMatthew,13,0,False,10.05,13.75,2.73,7.59,10.39,0.0388,29.3272,10.7815,0.3824,143.9,11.07,15.15,8.745,66.8,22.81,False,0.0022,0.4333,4426.0,854.75,4785.0,2252.625,3637.0,1742.875,2342.0,997.375,1419.0,-92.25,1747.0,476.375,734.0,8,#52,
startup,12.06,James White,JacobRosenzweig,JacobRosenzweig,4,0,False,7.81,8.02,-4.0787,8.58,8.81,-2.2963,12.6288,-8.7085,0.25,22.1,5.53,5.68,-2.4737,31.2,28.6,False,-0.0047,0.2308,2220.0,-1799.25,730.0,-2789.5,1368.0,-1136.25,0.0,-1956.5,0.0,-2088.75,0.0,-1840.25,377.0,1,#393,
startup,12.07,Raheem Mostert,LWebs53,LWebs53,5,0,False,11.3,11.61,-0.2663,9.68,9.94,-1.1312,21.408,-2.9661,0.1515,58.8,11.76,12.08,4.5088,55.0,28.42,False,-0.007,0.5556,3556.0,-385.875,3135.0,-300.125,3068.0,372.375,1373.0,-805.0,1767.0,-14.25,2497.0,957.125,552.0,1,T#164,
startup,12.08,Jordan Howard,Oliverwkw,Oliverwkw,0,0,False,6.7,6.88,-3.9175,5.81,5.97,-4.3375,6.88,-14.3203,0.0,0.0,0.0,0.0,-7.4725,17.6,25.86,False,-0.0045,0.0,2621.0,-1280.375,212.0,-3120.875,0.0,-2680.25,0.0,-1915.25,0.0,-1541.625,0.0,-1539.75,8.0,,#866,
startup,13.01,DeVante Parker,Oliverwkw,Oliverwkw,0,0,False,8.7,9.05,-1.7562,9.23,9.6,-0.9875,9.05,-12.5557,0.0,0.0,0.0,0.0,-8.2413,23.1,27.64,False,-0.0078,0.0,4830.0,809.75,3696.0,163.25,2138.0,-955.375,1692.0,-797.0,920.0,-1501.375,0.0,-2349.625,5.0,,T#227,
startup,13.02,T.J. Hockenson,LWebs53,LWebs53,1,0,False,12.44,17.02,7.3875,11.39,15.59,6.0963,19.754,1.6109,0.0714,3.3,3.3,4.52,-1.2625,69.7,23.19,False,0.0027,0.0769,4353.0,411.25,5805.0,2805.875,5242.0,2750.875,4162.0,1950.125,5029.0,2840.25,3888.0,2049.625,97.0,9,T#158,
startup,13.03,Matthew Stafford,JacobRosenzweig,JacobRosenzweig,34,0,False,16.29,13.06,3.2613,16.98,13.61,4.0375,48.7086,33.5291,0.68,548.32,16.13,12.93,8.395,78.9,32.59,False,-0.012,0.85,5259.0,1292.625,5132.0,2063.625,5015.0,2571.75,4470.0,2231.5,2177.0,-368.25,3264.0,1347.625,1093.0,0,#412,
startup,13.04,Kerryon Johnson,AceMatthew,AceMatthew,0,0,False,1.4,1.44,-8.945,5.13,5.27,-5.5938,1.44,-17.557,,0.0,0.0,0.0,-4.6412,11.2,23.2,False,0.0015,,2592.0,-1780.0,695.0,-2936.75,0.0,-2891.5,0.0,-3061.125,0.0,-3058.5,0.0,-2431.875,2.0,,T#2,
startup,13.05,Joe Burrow,stevenb123,stevenb123,14,0,False,18.3,14.67,5.9887,18.86,15.12,5.4112,32.6992,17.6596,0.3889,271.84,19.42,15.57,12.875,87.8,23.75,False,-0.002,0.4828,7135.0,3190.0,7768.0,4726.125,6417.0,4220.25,7565.0,5421.5,8979.0,7042.875,7401.0,5894.25,748.0,1,T#12,
startup,13.06,Alexander Mattison,plehv79,plehv79,0,0,False,12.0,12.33,3.7388,7.43,7.63,-2.5637,12.33,-4.8733,,0.0,0.0,0.0,-4.6412,32.1,22.23,False,0.0005,,3321.0,-778.875,2625.0,-832.25,1923.0,-680.75,2595.0,41.75,3667.0,1181.875,1545.0,-693.75,2.0,,T#2,
startup,13.07,A.J. Green,BROsenzweig,BROsenzweig,4,0,False,5.18,5.39,-3.6225,7.17,7.46,-1.805,17.8745,0.1719,0.8,15.8,3.95,4.11,-1.1812,35.3,32.11,False,-0.0139,0.8,3323.0,-604.75,611.0,-2900.125,758.0,-1736.625,521.0,-1898.5,0.0,-2365.625,0.0,-1945.875,35.0,1,#184,
startup,13.08,Christian Kirk,shmuel256,shmuel256,0,0,False,4.5,4.68,-3.9975,11.47,11.93,3.91,4.68,-12.3526,0.0,0.0,0.0,0.0,-5.4238,52.6,23.81,False,-0.0007,0.0,4134.0,464.0,3205.0,259.0,1639.0,-317.0,3484.0,1881.0,3696.0,1893.5,3357.0,2084.875,20.0,,T#51,
startup,14.01,Preston Williams,shmuel256,shmuel256,0,0,False,6.22,6.48,-2.9437,6.33,6.58,-2.1988,6.48,-11.2989,0.0,0.0,0.0,0.0,-5.4238,22.8,23.46,False,-0.0001,0.0,3748.0,-54.75,2566.0,-537.875,859.0,-1194.5,224.0,-1786.5,0.0,-2264.5,0.0,-1691.75,27.0,,#1186,
startup,14.02,Tarik Cohen,BROsenzweig,BROsenzweig,0,0,False,5.83,5.99,-3.19,5.83,5.99,-2.375,5.99,-11.9292,0.0,0.0,0.0,0.0,-5.2088,25.7,25.13,False,-0.0011,0.0,2255.0,-1316.375,1876.0,-856.625,900.0,-744.5,0.0,-1542.25,0.0,-1457.5,0.0,-992.375,726.0,,#198,
startup,14.03,Ronald Jones,plehv79,plehv79,5,0,False,13.09,13.45,5.6287,7.78,7.99,-0.4512,29.2931,14.3897,0.4545,67.3,13.46,13.83,9.3875,59.0,23.1,False,-0.0011,0.4545,2978.0,-379.375,4222.0,1853.875,3204.0,1645.375,1018.0,-456.5,406.0,-578.125,0.0,-799.25,82.0,1,T#299,
startup,14.04,Darius Slayton,stevenb123,stevenb123,9,0,False,9.29,9.67,0.9938,7.81,8.12,-0.4688,30.1542,16.2702,0.6923,85.5,9.5,9.88,4.97,61.3,23.66,False,-0.0018,0.75,4008.0,540.125,3205.0,329.0,1587.0,-481.0,901.0,-523.0,1368.0,504.125,1231.0,585.625,94.0,0,T#368,
startup,14.05,N'Keal Harry,AceMatthew,AceMatthew,0,0,False,6.73,9.21,-0.635,4.38,5.99,-2.9712,9.21,-11.9583,0.0,0.0,0.0,0.0,-7.9588,25.0,22.73,False,0.0023,0.0,3268.0,-307.75,1319.0,-1955.375,0.0,-2517.25,0.0,-1771.0,0.0,-1057.75,0.0,-965.125,62.0,,#19,
startup,14.06,Brandin Cooks,JacobRosenzweig,JacobRosenzweig,37,0,False,11.76,12.23,1.5675,10.78,11.22,2.8375,33.332,12.7924,0.4405,492.7,13.32,13.85,6.1662,74.2,26.96,False,-0.0016,0.5538,3791.0,424.125,4108.0,1135.375,3186.0,996.125,3595.0,2191.625,2523.0,1768.5,1806.0,1066.625,1768.0,5,#434,
startup,14.07,Darrell Henderson,LWebs53,LWebs53,2,0,False,8.69,8.92,-2.6263,9.97,10.24,1.265,11.5068,-12.231,0.125,15.0,7.5,7.7,-0.7525,44.4,23.06,False,0.0029,0.1333,2332.0,-1201.875,2055.0,-987.375,3540.0,1506.875,3071.0,1602.125,286.0,-748.125,0.0,-965.125,352.0,3,#501,
startup,14.08,Henry Ruggs,Oliverwkw,Oliverwkw,2,0,False,8.12,8.45,-1.6538,8.43,8.77,-0.4612,10.5799,-9.7921,0.1,7.5,3.75,3.9,-3.2988,40.6,21.63,False,0.0033,0.125,5237.0,2239.25,3657.0,1259.375,3216.0,1542.875,0.0,-1725.5,0.0,-1019.125,0.0,-965.125,393.0,6,T#230,
startup,15.01,Michael Pittman,Oliverwkw,Oliverwkw,37,0,False,13.04,13.57,4.0075,12.28,12.78,4.2375,42.0103,27.8918,0.5522,516.0,13.95,14.51,9.3387,85.4,22.93,False,0.0009,0.6379,4257.0,1223.0,4506.0,2024.375,3646.0,1674.0,5359.0,4240.875,3879.0,3420.625,4684.0,4372.375,1341.0,10,T#73,
startup,15.02,Jamison Crowder,LWebs53,LWebs53,2,0,False,15.42,16.04,7.4237,6.9,7.18,-2.3075,25.5725,10.0368,0.1818,22.4,11.2,11.65,6.1213,47.5,27.23,False,-0.0048,0.3333,2600.0,-624.0,2941.0,-179.75,1426.0,-1274.75,878.0,-1385.25,97.0,-1203.75,0.0,-1007.0,79.0,5,#481,
startup,15.03,Julian Edelman,JacobRosenzweig,JacobRosenzweig,0,0,False,9.37,9.75,-0.5275,9.37,9.75,0.3012,9.75,-12.7878,0.0,0.0,0.0,0.0,-7.6,31.9,34.31,False,-0.0152,0.0,2132.0,-1298.125,381.0,-3321.375,0.0,-3151.375,0.0,-2478.75,0.0,-1420.0,0.0,-1103.875,352.0,,#383,
startup,15.04,Duke Johnson,AceMatthew,AceMatthew,0,0,False,1.4,1.44,-9.34,8.35,8.57,-0.6425,1.44,-21.277,0.0,0.0,0.0,0.0,-6.6375,23.5,26.97,False,-0.0055,0.0,1594.0,-2079.0,666.0,-3101.875,0.0,-3024.125,0.0,-2319.375,0.0,-1544.5,0.0,-1225.375,23.0,,#6,
startup,15.05,Laviska Shenault,stevenb123,stevenb123,1,0,False,10.06,10.46,0.9138,6.36,6.62,-2.355,11.5568,-13.0205,0.0435,4.1,4.1,4.27,-2.2963,38.6,21.93,False,0.0011,0.0526,3318.0,384.5,4726.0,1815.125,4408.0,2208.25,1401.0,-877.875,761.0,-766.375,687.0,-452.5,414.0,5,T#373,
startup,15.06,AJ Dillon,plehv79,plehv79,0,0,False,4.0,4.11,-6.8662,7.74,7.95,-0.3237,4.11,-18.4793,0.0,0.0,0.0,0.0,-5.2862,35.5,22.36,False,0.0002,0.0,3131.0,465.75,4867.0,2052.0,3610.0,1766.25,4680.0,3480.875,2957.0,2189.0,879.0,349.0,113.0,,#1057,
startup,15.07,Aaron Rodgers,BROsenzweig,BROsenzweig,12,0,False,23.98,19.23,11.3887,16.81,13.48,6.335,73.5265,62.0508,0.8571,281.04,23.42,18.77,17.2862,95.3,36.77,False,-0.0225,0.9231,4972.0,2251.625,6201.0,3415.375,5365.0,3577.25,4441.0,3186.0,3380.0,2636.625,2581.0,2235.125,97.0,1,T#52,
startup,15.08,Mecole Hardman,shmuel256,shmuel256,0,0,False,4.45,4.63,-5.6525,6.89,7.17,-1.44,4.63,-19.3128,0.0,0.0,0.0,0.0,-5.6525,29.5,22.5,False,0.0015,0.0,3737.0,611.5,2864.0,-1083.75,2522.0,-316.625,1796.0,-498.125,1282.0,-441.0,972.0,-143.625,13.0,,#1178,
startup,16.01,Boston Scott,shmuel256,shmuel256,1,0,False,7.4,7.6,-3.8212,4.79,4.92,-4.4225,35.5788,10.376,1.0,7.4,7.4,7.6,1.225,38.7,25.37,True,-0.0034,1.0,1045.0,-2720.0,861.0,-3415.875,1029.0,-2024.75,1077.0,-1307.0,624.0,-1181.25,0.0,-1237.125,41.0,0,#1190,
startup,16.02,Robbie Chosen,BROsenzweig,BROsenzweig,0,0,False,17.93,18.66,8.6888,8.17,8.5,-0.9862,18.66,-8.6994,0.0,0.0,0.0,0.0,-8.8788,30.6,27.34,False,-0.0052,0.0,1924.0,-1513.0,3880.0,516.625,0.0,-2728.875,0.0,-2343.5,0.0,-1788.125,0.0,-1151.25,20.0,,T#51,
startup,16.03,Jalen Reagor,plehv79,plehv79,0,0,False,5.84,6.08,-5.5275,3.53,3.68,-5.9938,6.08,-22.9156,0.0,0.0,0.0,0.0,-8.8788,17.4,21.69,False,0.0015,0.0,4882.0,1832.0,4040.0,1062.75,2733.0,619.75,1086.0,-553.875,323.0,-1055.125,229.0,-783.75,664.0,,#1066,
startup,16.04,Tee Higgins,stevenb123,stevenb123,26,0,False,14.12,14.68,5.9475,14.57,15.16,8.0237,40.5903,24.4955,0.52,364.4,14.02,14.58,9.87,88.8,21.65,False,0.0016,0.5778,4138.0,1380.625,6341.0,4366.75,5564.0,4343.125,5668.0,5156.0,5739.0,5460.375,4549.0,4398.875,926.0,7,T#394,
startup,16.05,Cam Newton,AceMatthew,AceMatthew,8,0,False,16.87,13.52,3.87,15.2,12.18,4.5925,42.4687,25.8362,0.6667,133.48,16.69,13.38,8.52,73.2,31.33,False,-0.0135,0.8,4018.0,1588.375,1296.0,-1000.75,228.0,-1344.625,0.0,-996.0,0.0,-835.75,0.0,-597.25,85.0,0,#22,
startup,16.06,Jared Cook,JacobRosenzweig,JacobRosenzweig,1,0,False,7.25,9.92,-0.5371,8.29,11.35,2.8063,11.8909,-6.4032,0.0833,12.2,12.2,16.7,13.205,63.7,33.43,False,-0.0136,0.1,1573.0,-1456.625,437.0,-2281.25,780.0,-980.75,0.0,-1431.75,0.0,-1163.125,0.0,-827.75,85.0,6,#380,
startup,16.07,Phillip Lindsay,LWebs53,LWebs53,0,0,False,4.5,4.62,-5.0,4.51,4.63,-4.6287,4.62,-13.1186,0.0,0.0,0.0,0.0,-5.5825,23.4,26.13,False,-0.0028,0.0,2993.0,170.875,1938.0,-162.0,1418.0,-263.0,137.0,-1277.625,0.0,-1163.125,0.0,-827.75,13.0,,#446,
startup,16.08,Tevin Coleman,Oliverwkw,Oliverwkw,0,0,False,4.7,4.83,-5.2414,4.54,4.66,-5.05,4.83,-14.5596,0.0,0.0,0.0,0.0,-7.3512,22.7,27.4,False,-0.0073,0.0,1887.0,-728.25,478.0,-1508.5,1057.0,-365.5,0.0,-1296.0,0.0,-1122.75,0.0,-799.125,43.0,,#869,
startup,17.01,Jack Doyle,Oliverwkw,Oliverwkw,0,0,False,7.9,10.81,1.6014,5.7,7.8,-0.9475,10.81,-5.3623,0.0,0.0,0.0,0.0,-7.0038,39.2,30.35,False,-0.0128,0.0,995.0,-1683.125,399.0,-1324.625,0.0,-1224.125,0.0,-864.25,0.0,-573.75,0.0,-389.75,8.0,,#865,
startup,17.02,Mike Williams,LWebs53,LWebs53,0,0,False,,,,11.29,11.74,4.1738,,,,0.0,0.0,0.0,-6.6488,58.9,25.94,True,-0.0024,,3400.0,1260.25,3374.0,2015.75,3086.0,2130.125,4563.0,4269.125,3243.0,3074.625,1844.0,1684.75,1.0,,#445,
startup,17.03,Golden Tate,JacobRosenzweig,JacobRosenzweig,0,0,False,7.21,7.5,-0.8514,7.21,7.5,-0.655,7.5,-4.535,0.0,0.0,0.0,0.0,-4.5613,37.5,32.11,False,-0.0111,0.0,1684.0,-787.625,435.0,-1654.125,0.0,-1618.125,0.0,-1322.375,0.0,-1270.75,0.0,-779.25,352.0,,#382,
startup,17.04,John Brown,AceMatthew,AceMatthew,2,0,False,9.08,9.45,0.3371,7.03,7.32,-1.3838,17.8475,6.2507,0.3333,27.2,13.6,14.15,11.3575,54.3,30.44,False,-0.0119,0.4,2121.0,-139.25,1672.0,-345.75,304.0,-1225.875,0.0,-1655.75,0.0,-1515.125,0.0,-887.375,41.0,0,#10,
startup,17.05,Mike Gesicki,stevenb123,stevenb123,4,0,False,10.69,14.62,4.3757,7.75,10.6,1.2613,24.0493,4.2484,0.25,34.5,8.62,11.8,6.445,64.9,24.94,False,-0.004,0.2857,3749.0,1714.75,4159.0,1748.75,2920.0,1282.0,2214.0,515.25,1347.0,-42.0,1274.0,545.875,113.0,2,#1378,
startup,17.06,Chris Herndon,plehv79,plehv79,1,0,False,4.6,6.3,-5.7914,4.87,6.67,-4.0775,14.2584,-10.6211,0.5,7.7,7.7,10.54,2.8425,37.0,24.55,False,-0.0038,0.5,2116.0,-229.375,1348.0,-1471.0,1168.0,-874.625,0.0,-1975.5,0.0,-1557.375,0.0,-887.375,15.0,0,#1048,
startup,17.07,Tony Pollard,BROsenzweig,BROsenzweig,0,0,False,7.63,7.83,-3.9488,11.51,11.82,1.635,7.83,-17.2192,0.0,0.0,0.0,0.0,-10.2012,47.3,23.36,False,0.0022,0.0,2512.0,-30.0,3345.0,437.25,2992.0,939.875,3665.0,2339.375,5576.0,4867.875,3116.0,2361.5,113.0,,#189,
startup,17.08,Allen Lazard,shmuel256,shmuel256,0,0,False,11.44,11.9,0.0914,8.5,8.84,-0.9988,11.9,-15.0748,0.0,0.0,0.0,0.0,-10.2012,34.4,24.75,False,-0.0024,0.0,1739.0,-822.75,2604.0,-374.875,1016.0,-1283.125,2804.0,1370.75,1955.0,794.25,865.0,-170.875,97.0,,#1205,
startup,18.01,James Robinson,shmuel256,shmuel256,18,0,False,17.45,17.92,7.9543,12.67,13.02,4.2075,68.4601,51.0336,0.8182,318.0,17.67,18.15,11.9862,78.5,22.09,False,0.0022,0.9,1707.0,-660.75,6105.0,3727.0,4538.0,2717.125,2558.0,1094.0,338.0,-1024.875,0.0,-1144.0,409.0,2,T#160,
startup,18.02,Rob Gronkowski,BROsenzweig,BROsenzweig,14,0,False,11.27,15.42,6.6471,11.06,15.14,7.4125,36.5699,17.4847,0.4242,178.8,12.77,17.48,12.7075,77.0,31.33,False,-0.0125,0.5385,1851.0,-350.75,858.0,-1733.5,1485.0,-394.375,0.0,-1565.625,0.0,-1293.125,0.0,-1008.125,726.0,6,#199,
startup,18.03,Baker Mayfield,plehv79,plehv79,10,0,False,13.88,11.12,0.9871,15.46,12.39,4.2263,19.8082,-1.5315,0.2941,118.4,11.84,9.49,3.3225,71.5,25.41,False,-0.0054,0.3,5369.0,3606.875,6081.0,3933.125,4986.0,3248.5,3029.0,1433.25,2025.0,907.625,3897.0,3295.75,734.0,3,#1072,
startup,18.04,Devine Ozigbo,stevenb123,stevenb123,0,0,False,,,,1.7,1.75,-6.8312,,,,0.0,0.0,0.0,-8.7538,20.2,23.94,False,-0.0023,,1069.0,-1075.375,263.0,-2377.375,0.0,-2070.625,0.0,-1666.25,0.0,-805.375,0.0,-698.875,1.0,,#1332,
startup,18.05,Jalen Richard,AceMatthew,AceMatthew,0,0,False,2.5,2.57,-9.0543,3.2,3.29,-5.4137,7.57,-20.5919,0.0,0.0,0.0,0.0,-10.625,21.1,26.9,True,-0.0054,0.0,537.0,-2105.25,366.0,-2434.75,0.0,-2357.5,0.0,-1619.25,0.0,-561.0,0.0,-590.75,6.0,,#1,
startup,18.06,Matt Breida,JacobRosenzweig,JacobRosenzweig,0,0,False,3.67,3.77,-6.0071,3.93,4.04,-4.3875,3.77,-16.039,0.0,0.0,0.0,0.0,-8.3562,20.6,25.53,False,0.001,0.0,2565.0,-361.0,620.0,-2093.5,335.0,-2040.5,469.0,-1319.375,451.0,-691.25,187.0,-1052.5,63.0,,#379,
startup,18.07,Chase Edmonds,LWebs53,LWebs53,2,0,False,11.21,11.52,3.4357,7.21,7.41,-0.0112,13.2776,-1.8102,0.0606,26.7,13.35,13.71,6.3663,58.2,24.41,False,0.0004,0.0741,2117.0,-882.125,3022.0,629.625,3534.0,1639.125,3270.0,1831.75,619.0,-502.25,642.0,-540.625,661.0,8,T#165,
startup,18.08,Joshua Kelley,Oliverwkw,Oliverwkw,1,0,False,6.25,6.42,-1.9043,4.4,4.52,-2.7225,7.4182,-6.7769,0.0667,10.9,10.9,11.2,4.7287,43.3,22.81,False,0.0011,0.0769,1270.0,-1250.25,1467.0,-367.75,671.0,-958.5,1200.0,-118.375,1055.0,241.375,0.0,-775.75,1098.0,8,#957,
startup,19.01,Matt Ryan,Oliverwkw,Oliverwkw,7,0,False,18.96,15.2,7.9612,14.17,11.36,3.5362,47.8293,36.2252,0.7,130.76,18.68,14.97,7.9175,69.9,35.32,False,-0.0219,0.7778,5190.0,2653.25,3990.0,1962.0,3311.0,1630.375,2428.0,948.5,0.0,-1453.875,0.0,-1386.0,71.0,0,T#229,
startup,19.02,Tua Tagovailoa,LWebs53,LWebs53,0,0,False,7.72,6.19,-1.8537,14.42,11.56,4.1725,6.19,-9.6728,0.0,0.0,0.0,0.0,-8.9238,58.6,22.53,False,0.0039,0.0,6005.0,3383.125,5661.0,3838.25,5017.0,3549.625,4380.0,3144.5,5439.0,4665.0,5377.0,4663.125,97.0,,T#52,
startup,19.03,Emmanuel Sanders,JacobRosenzweig,JacobRosenzweig,1,0,False,10.88,11.32,3.3986,10.06,10.46,3.44,13.0289,-3.5844,0.0625,22.2,22.2,23.09,17.0525,66.3,33.49,False,-0.0137,0.0769,1988.0,-835.375,691.0,-1688.375,839.0,-1111.375,0.0,-1726.0,0.0,-1397.5,0.0,-1362.625,384.0,4,#394,
startup,19.04,Larry Fitzgerald,AceMatthew,AceMatthew,0,0,False,7.4,7.7,-0.225,7.76,8.07,0.975,7.7,-10.3574,0.0,0.0,0.0,0.0,-7.21,34.3,37.03,False,-0.024,0.0,691.0,-2194.0,65.0,-2138.375,0.0,-1745.0,0.0,-1365.25,0.0,-1320.125,0.0,-1282.375,6.0,,#2,
startup,19.05,Jared Goff,stevenb123,stevenb123,1,0,False,10.5,8.42,0.615,16.51,13.24,6.7912,33.8781,20.1837,1.0,10.5,10.5,8.42,2.2625,80.1,25.91,False,-0.0057,1.0,5121.0,2789.75,4332.0,2662.0,3049.0,1685.125,2517.0,1466.375,4067.0,3255.25,4882.0,4209.875,7.0,0,#1339,
startup,19.06,Bryce Love,plehv79,plehv79,0,0,False,0.0,0.0,-9.2083,0.0,0.0,-8.1037,0.0,-19.3408,0.0,0.0,0.0,0.0,-7.21,13.9,23.18,False,-0.0013,,2033.0,-684.25,395.0,-1767.125,0.0,-1745.0,0.0,-1365.25,0.0,-1320.125,0.0,-1282.375,8.0,,#1046,
startup,19.07,Josh Doctson,BROsenzweig,BROsenzweig,0,0,False,,,,0.0,0.0,-8.1037,,,,0.0,0.0,0.0,-7.21,12.6,27.77,False,-0.0059,,160.0,-2791.375,103.0,-2095.625,21.0,-1721.375,13.0,-1350.625,0.0,-1320.125,0.0,-1282.375,0.0,,#179,
startup,19.08,Justin Jackson,shmuel256,shmuel256,0,0,False,,,,5.48,5.62,-1.7813,,,,0.0,0.0,0.0,-7.21,22.4,24.39,False,-0.0017,,1313.0,-1494.25,988.0,-1100.0,1052.0,-561.5,384.0,-933.25,0.0,-1320.125,0.0,-1282.375,2.0,,#1173,
