Team,Year,Result,Win %,Regular season record,Regular season win %,All-play win %,All-play win % minus Win %,Record,Win Variance,Week of playoff elimination,Differential,Avg differential,Record vs playoff teams,Win % vs playoff teams,Record vs non-playoff teams,Win % vs non-playoff teams,Record vs champion,Win % vs champion,Record vs last place,Win % vs last place,Record vs AceMatthew,Win % vs AceMatthew,Record vs BROsenzweig,Win % vs BROsenzweig,Record vs JacobRosenzweig,Win % vs JacobRosenzweig,Record vs LWebs53,Win % vs LWebs53,Record vs Oliverwkw,Win % vs Oliverwkw,Record vs plehv79,Win % vs plehv79,Record vs shmuel256,Win % vs shmuel256,Record vs stevenb123,Win % vs stevenb123,Points,Avg points,Points against,Avg points against,Max PF,Avg max PF,Efficiency,Points from QBs,Points from WRs,Points from TEs,Points from RBs,% of points from QBs,% of points from WRs,% of points from TEs,% of points from RBs,Drafting skill,Trading skill,Add/Drop skill,Times Brosenzweig,Times Sisenzweig,Times Highest score?,Times Lowest score?,Times Narrowest victory?,Times Largest blowout?,Times Most efficient?,Times Least efficient?,Times Top half of league?,Times One-man army?,Times Most bench points?,Times Most injured?,Playoff appearance streak,Winning season streak,Average weekly starter turnover,Average weekly roster turnover,Number of QB started,Number of WR started,Number of RB started,Number of TE started,Number of QB rostered,Number of WR rostered,Number of RB rostered,Number of TE rostered,Most number of players started from same NFL team,Most number of players rostered from same NFL team,Most number of QBs started from same NFL team,Most number of QBs rostered from same NFL team,Most number of RBs started from same NFL team,Most number of RBs rostered from same NFL team,Most number of WR started from same NFL team,Most number of WR rostered from same NFL team,Most number of TE started from same NFL team,Most number of TE rostered from same NFL team,Number of NFL teams among starting players,Number of NFL teams among rostered players,Stacks,Number of rookies started,Number of rookies rostered,% of players drafted,% of 3rd year+ players drafted,Player average age,Team age including picks,Difference between highest and lowest starters,Number of donuts,Number of starter donuts,Number of players under 10,Number of starters under 10,Number of players over 20,Number of starters over 20,Number of players over 30,Number of starters over 30,Number of players over 40,Number of starters over 40,Number of players over 50,Number of starters over 50,% of starters boom,% of starters upper quartile,% of starters middle 50%,% of starters lower quartile,% of starters bust,Number of cuffs rostered,Number of cuffs started,Startup draft players remaining,Tanking,Losses from hardship,Losses from byes,Wins from byes,Losses from hardship (2-sided),Wins from hardship (2-sided),Weeks of injuries,Weeks suspensions,Weeks of starter injuries,Weeks of starter suspensions,Hardship,Starter-adjusted Hardship,Luck,Draft Value,3-year roster retention rate,Number of first round picks made,Total number of picks made,Offseason starter turnover,Inseason starter turnover,Offseason roster turnover,Inseason roster turnover,Number of Add/Drops,Number of waiver adds,Number of free agency adds,Number of pure drops,Offseason trades,Inseason trades,Total trades,Total transactions,Amount of FAAB spent,Future draft capital,Change in win % from previous season
AceMatthew,2020,6th,0.375,5-9,0.3571,0.4107,0.0357,6-10,-0.0,12.0,-367.92,-23.0,3-5,0.375,3-5,0.375,1-1,0.5,2-1,0.6667,,,0-2,0.0,1-2,0.3333,1-1,0.5,1-1,0.5,0-2,0.0,1-1,0.5,2-1,0.6667,2061.7,128.86,2429.62,151.85,2525.26,157.83,0.8164,558.68,649.12,152.7,701.2,0.271,0.3148,0.0741,0.3401,44.8,50.6,49.4,0,1,1,3,1,0,1,2,7,3,0,9,0,0,3.47,1.67,5,14,9,3,5,20,14,4,3,3,1,1,1,2,2,2,1,1,21,23,15,0,1,47.6,38.9,26.4781,24.04875,48.6,6,2,108,48,45,32,9,8,2,1,0,0,9.0,9.7,52.8,15.3,13.2,3,1,9,0.4736,1,0,1,1,0,68,0,46,0,1089.42,575.1248,-2.5841,0.0,0.1053,0,0,,14,,22.0,26,9,16,1,1,4,5,31,,3.32,
AceMatthew,2021,7th,0.4118,6-9,0.4,0.2773,-0.1345,7-10,1.0,14.0,-512.74,-30.16,3-5,0.375,4-5,0.4444,0-2,0.0,2-2,0.5,,,1-2,0.3333,1-1,0.5,1-1,0.5,1-1,0.5,1-1,0.5,2-2,0.5,0-2,0.0,1947.5,114.56,2460.24,144.72,2397.44,141.03,0.8123,556.7,528.0,204.6,658.2,0.2859,0.2711,0.1051,0.338,49.0,49.1,42.9,0,0,0,6,2,0,1,5,2,2,0,8,0,0,3.24,1.41,4,9,10,3,5,18,13,3,2,3,1,1,1,2,1,2,1,1,15,24,16,3,6,44.0,36.8,26.2459,23.97,31.4,11,3,139,60,43,32,3,3,0,0,0,0,3.9,14.4,42.5,23.5,15.7,5,3,6,0.7726,2,0,0,1,1,110,0,72,0,1188.206,632.8128,-0.8334,1.2897,0.24,2,7,12,10,16,16.0,18,1,11,6,1,3,4,22,,3.02,0.0368
AceMatthew,2022,6th,0.4118,5-10,0.3333,0.3697,-0.0421,7-10,0.5,12.0,-92.38,-5.43,1-8,0.1111,6-2,0.75,0-2,0.0,2-0,1.0,,,1-1,0.5,2-1,0.6667,0-2,0.0,0-2,0.0,2-0,1.0,2-1,0.6667,0-3,0.0,2084.5,122.62,2176.88,128.05,2725.94,160.35,0.7647,639.88,734.8,124.32,585.5,0.307,0.3525,0.0596,0.2809,52.7,53.0,36.6,0,2,0,3,1,0,1,6,6,4,4,2,0,0,3.47,1.47,5,11,7,5,5,14,12,9,2,3,1,1,1,2,1,2,1,1,18,23,12,5,9,44.0,25.0,24.9876,23.529411764705884,48.0,24,3,179,55,51,32,12,8,1,1,0,0,6.6,13.8,48.7,18.4,12.5,2,0,3,0.506,0,0,0,0,3,50,0,33,0,476.341,197.0044,1.548,0.9167,0.2917,2,4,8,10,11,15.0,23,9,4,10,1,5,6,29,29.0,2.9,0.0
AceMatthew,2023,5th,0.4706,7-8,0.4667,0.5546,0.084,8-9,-1.0,14.0,58.54,3.44,2-7,0.2222,6-2,0.75,1-1,0.5,2-1,0.6667,,,2-0,1.0,2-1,0.6667,1-1,0.5,0-2,0.0,0-2,0.0,1-2,0.3333,2-1,0.6667,2299.28,135.25,2240.74,131.81,2950.44,173.56,0.7793,593.48,981.5,141.1,583.2,0.2581,0.4269,0.0614,0.2536,47.6,46.1,30.4,0,1,6,2,0,5,4,3,9,1,1,1,0,0,2.59,1.76,5,8,5,2,8,19,14,6,2,4,1,2,1,2,1,3,1,1,15,23,20,3,9,50.0,37.5,25.2706,23.656470588235294,47.4,27,4,193,49,58,38,11,8,2,2,0,0,7.2,18.3,52.9,11.8,9.8,6,1,2,0.3174,0,0,0,0,0,59,0,21,0,711.125,228.3322,-0.237,0.879,0.3846,3,5,6,10,13,12.0,28,9,14,5,4,3,7,35,84.0,2.15,0.05880000000000002
AceMatthew,2024,5th,0.4706,7-8,0.4667,0.5546,0.084,8-9,-2.5,15.0,71.62,4.21,2-7,0.2222,6-2,0.75,0-3,0.0,3-0,1.0,,,1-1,0.5,3-0,1.0,1-1,0.5,2-1,0.6667,1-1,0.5,0-2,0.0,0-3,0.0,2642.9,155.46,2571.28,151.25,3344.76,196.75,0.7902,555.1,893.98,230.9,962.92,0.21,0.3383,0.0874,0.3643,52.8,44.1,38.4,1,0,3,2,1,1,0,5,9,3,3,0,0,0,2.94,1.88,6,7,7,2,9,17,12,4,2,3,1,2,1,2,2,2,1,1,20,24,6,2,6,38.7,22.7,26.8347,24.681176470588234,37.8,43,0,209,47,77,50,12,10,0,0,0,0,11.8,17.6,47.6,16.5,6.5,9,1,3,0.148,1,1,0,0,1,57,0,34,0,584.036,243.8184,-0.8709,0.5694,,2,4,9,10,22,7.0,28,17,4,7,9,4,13,41,146.0,1.75,0.0
AceMatthew,2025,2nd,0.7059,11-4,0.7333,0.7143,0.0084,12-5,1.5,0.0,216.98,12.76,5-4,0.5556,7-1,0.875,1-2,0.3333,2-0,1.0,,,1-2,0.3333,1-1,0.5,2-0,1.0,2-0,1.0,2-0,1.0,1-2,0.3333,3-0,1.0,2694.14,158.48,2477.16,145.72,3229.4,189.96,0.8343,658.92,894.6,257.3,878.32,0.245,0.3327,0.0957,0.3266,41.4,46.6,43.5,0,0,5,1,7,3,4,2,15,2,4,7,1,In Progress,2.76,2.24,4,8,7,5,10,19,15,8,2,3,1,2,1,3,1,2,1,2,20,29,10,0,4,25.0,16.0,27.6235,25.663529411764703,38.6,16,1,194,49,68,49,12,10,1,1,0,0,9.4,14.7,57.6,11.8,6.5,7,1,3,-0.009,2,1,1,1,3,103,0,52,0,1057.3627,442.604,-0.4255,0.3333,,0,3,10,8,27,12.0,39,28,2,9,8,4,12,51,107.0,1.34,0.23529999999999995
AceMatthew,2026,,1.0,2-0,1.0,0.9286,-0.0714,2-0,0.5,0.0,53.34,26.67,,,,,,,,,,,1-0,1.0,0-0,0.0,0-0,0.0,0-0,0.0,0-0,0.0,0-0,0.0,1-0,1.0,354.82,177.41,301.48,150.74,444.14,222.07,0.7989,69.92,159.5,36.9,88.5,0.1971,0.4495,0.104,0.2494,,43.0,39.7,0,0,1,0,1,0,0,0,2,0,0,0,,2,3.0,5.0,3,6,3,2,4,14,11,3,2,2,1,1,1,2,1,2,1,1,11,21,1,0,4,29.0,22.2,26.67,24.975,39.6,2,0,29,6,10,7,3,3,0,0,0,0,30.0,5.0,45.0,10.0,10.0,0,0,2,-0.1002,0,0,0,0,0,5,2,2,2,67.86,51.2,-0.0058,0.6389,,1,5,4,8,17,2.0,16,6,1,9,3,0,3,19,45.0,1.31,0.29410000000000003
BROsenzweig,2020,5th,0.5,7-7,0.5,0.5357,0.0357,8-8,-1.0,13.0,164.72,10.3,2-6,0.25,6-2,0.75,0-2,0.0,2-1,0.6667,2-0,1.0,,,2-1,0.6667,0-2,0.0,0-2,0.0,2-0,1.0,0-2,0.0,2-1,0.6667,2337.42,146.09,2172.7,135.79,2800.94,175.06,0.8345,720.22,777.9,151.4,687.9,0.3081,0.3328,0.0648,0.2943,50.5,47.4,50.6,0,1,1,0,2,4,3,1,10,3,0,4,0,1,1.93,0.73,4,9,5,3,5,13,9,3,3,4,1,2,1,2,1,2,1,1,12,15,23,1,2,57.1,64.7,27.2175,24.611875,39.7,9,2,103,39,58,44,14,11,2,2,0,0,11.1,20.1,47.9,13.2,7.6,2,1,12,0.121,3,0,0,2,1,52,0,25,0,612.54,305.18,-1.3002,0.0,0.2105,0,0,,10,,16.0,9,1,6,2,0,2,2,11,,1.9,
BROsenzweig,2021,6th,0.4118,6-9,0.4,0.4454,0.0336,7-10,1.0,15.0,-62.16,-3.66,2-7,0.2222,5-3,0.625,0-2,0.0,1-1,0.5,2-1,0.6667,,,2-1,0.6667,0-2,0.0,1-2,0.3333,1-1,0.5,1-1,0.5,0-2,0.0,2165.94,127.41,2228.1,131.06,2547.16,149.83,0.8503,613.24,776.6,218.0,558.1,0.2831,0.3586,0.1006,0.2577,48.3,52.6,46.4,0,0,3,5,2,4,3,2,7,8,0,7,0,0,2.18,0.76,5,7,9,2,5,8,10,4,2,2,1,1,1,1,1,1,1,1,20,22,13,3,4,68.0,65.0,26.9412,24.911176470588234,53.3,16,4,140,64,48,37,11,11,2,2,1,1,10.7,15.3,41.3,19.3,13.3,3,2,9,0.4345,5,0,0,1,0,105,0,68,0,1224.912,818.3968,-2.4125,0.8,0.1739,1,4,4,10,14,2.0,9,1,2,6,0,1,1,10,,1.85,-0.0882
BROsenzweig,2022,4th,0.5882,10-5,0.6667,0.6471,0.0589,10-7,-1.0,0.0,13.1,0.77,5-4,0.5556,5-3,0.625,1-1,0.5,2-0,1.0,1-1,0.5,,,1-1,0.5,1-1,0.5,3-1,0.75,2-0,1.0,1-1,0.5,1-2,0.3333,2421.6,142.45,2408.5,141.68,2885.7,169.75,0.8392,643.34,772.6,162.9,842.76,0.2657,0.319,0.0673,0.348,50.7,49.8,39.2,0,0,2,0,4,1,3,0,11,0,0,4,1,1,2.06,1.53,5,9,5,3,11,16,8,7,2,3,1,1,1,2,1,2,1,2,18,25,0,2,2,36.0,23.8,26.9612,24.976470588235294,32.96,18,4,139,42,61,45,11,10,0,0,0,0,12.5,15.1,48.0,14.5,9.9,4,0,6,0.1247,2,0,1,0,1,71,6,38,6,925.528,470.9848,-2.0037,0.5,0.1667,1,2,8,8,9,19.0,27,8,9,10,3,3,6,33,99.0,1.6,0.17639999999999995
BROsenzweig,2023,6th,0.3529,5-10,0.3333,0.4286,0.0757,6-11,0.5,13.0,11.26,0.66,2-7,0.2222,4-4,0.5,0-2,0.0,2-1,0.6667,0-2,0.0,,,2-1,0.6667,0-2,0.0,0-2,0.0,2-1,0.6667,0-2,0.0,2-1,0.6667,2170.54,127.68,2159.28,127.02,2721.96,160.12,0.7974,643.42,923.72,121.7,481.7,0.2964,0.4256,0.0561,0.2219,44.6,54.1,38.8,1,0,1,4,1,3,1,2,7,3,1,1,0,0,2.94,2.59,5,10,8,6,7,22,13,9,2,4,1,1,1,2,1,2,1,1,17,26,11,2,7,30.8,18.8,26.7124,24.935882352941178,51.0,28,2,205,60,53,35,9,8,2,2,2,2,7.9,13.2,52.6,13.2,13.2,6,3,3,0.2809,0,0,0,0,1,44,0,24,0,361.12,158.916,1.7377,0.4107,0.2308,0,3,4,6,23,20.0,50,9,21,20,4,6,10,60,54.0,2.08,-0.23529999999999995
BROsenzweig,2024,3rd,0.5882,9-6,0.6,0.6471,0.0589,10-7,-1.0,0.0,163.1,9.59,4-5,0.4444,6-2,0.75,1-1,0.5,2-0,1.0,1-1,0.5,,,2-0,1.0,1-1,0.5,2-0,1.0,3-1,0.75,0-3,0.0,1-1,0.5,2730.36,160.61,2567.26,151.02,3225.84,189.76,0.8464,687.46,1084.0,243.5,715.4,0.2518,0.397,0.0892,0.262,55.0,45.7,34.4,0,0,7,0,0,5,5,2,9,6,4,0,In Progress,In Progress,2.41,2.41,4,10,4,3,9,20,10,7,3,4,1,1,1,2,1,2,1,1,14,22,15,1,4,21.4,14.3,26.3382,24.811764705882354,52.5,38,1,224,54,68,47,16,14,6,6,2,2,13.5,12.4,51.2,13.5,9.4,7,1,3,0.1494,0,0,0,0,0,51,0,20,0,468.6707,205.1172,1.4908,0.3929,,1,2,5,6,23,13.0,54,19,9,26,15,6,21,75,43.0,1.73,0.23529999999999995
BROsenzweig,2025,4th,0.6471,11-4,0.7333,0.5546,-0.0925,11-6,-0.0,0.0,160.52,9.44,3-5,0.375,8-1,0.8889,0-2,0.0,2-0,1.0,2-1,0.6667,,,1-1,0.5,2-0,1.0,2-0,1.0,3-0,1.0,0-2,0.0,1-2,0.3333,2507.24,147.48,2346.72,138.04,3304.4,194.38,0.7588,650.54,1015.5,212.1,629.1,0.2595,0.405,0.0846,0.2509,48.5,50.0,43.0,0,0,2,1,1,5,0,5,10,1,6,4,2,In Progress,3.18,1.76,4,8,10,4,5,17,18,7,2,4,1,1,1,2,1,2,1,2,18,26,6,1,4,18.8,14.8,26.8171,25.614117647058823,38.42,18,0,210,56,66,38,14,11,1,1,0,0,8.8,12.9,51.2,15.3,11.8,4,0,3,0.0562,1,0,0,0,0,94,0,49,0,937.236,681.3664,-1.9189,0.3333,,0,3,6,8,21,19.0,31,14,2,15,8,6,14,45,60.0,1.82,0.05890000000000006
BROsenzweig,2026,,0.5,1-1,0.5,0.5714,0.0714,1-1,-1.5,0.0,-9.48,-4.74,,,,,,,,,0-1,0.0,,,0-0,0.0,0-0,0.0,1-0,1.0,0-0,0.0,0-0,0.0,0-0,0.0,301.8,150.9,311.28,155.64,426.46,213.23,0.7077,98.3,123.5,12.0,68.0,0.3257,0.4092,0.0398,0.2253,,49.6,38.6,0,0,0,0,1,0,0,2,1,0,2,0,,3,3.0,6.0,2,5,3,1,5,11,10,5,2,4,1,1,1,2,2,2,1,1,10,21,0,0,1,16.1,15.4,27.835,25.71,38.72,1,0,25,9,11,7,3,2,0,0,0,0,20.0,15.0,25.0,20.0,20.0,0,0,4,-0.0064,0,0,0,0,0,7,0,2,0,35.4733,14.592,0.0077,0.1429,,0,1,10,2,17,2.0,19,5,4,10,12,1,13,32,31.0,1.68,-0.1471
JacobRosenzweig,2020,7th,0.375,4-10,0.2857,0.3304,-0.0446,6-10,0.5,12.0,-174.06,-10.88,2-6,0.25,4-4,0.5,1-1,0.5,1-1,0.5,2-1,0.6667,1-2,0.3333,,,0-2,0.0,0-2,0.0,1-1,0.5,1-1,0.5,1-1,0.5,1994.56,124.66,2168.62,135.54,2416.92,151.06,0.8252,487.36,944.9,171.6,390.7,0.2443,0.4737,0.086,0.1959,43.7,,56.3,0,1,1,4,2,2,3,2,3,3,1,4,0,0,2.2,0.2,3,7,6,3,3,9,7,3,2,3,1,1,1,1,1,1,1,1,14,17,3,0,0,85.0,85.0,29.8231,26.17875,51.7,12,7,120,52,48,37,6,5,1,1,1,1,8.0,16.7,43.5,23.2,8.7,2,1,17,0.2533,1,0,1,1,1,48,0,27,0,577.08,244.308,0.8784,0.0,0.2105,0,0,,8,,5.0,3,0,3,0,0,0,0,3,,1.9,
JacobRosenzweig,2021,8th,0.3529,6-9,0.4,0.4286,0.0757,6-11,-0.0,14.0,-17.9,-1.05,3-6,0.3333,3-5,0.375,1-2,0.3333,1-2,0.3333,1-1,0.5,1-2,0.3333,,,0-2,0.0,1-1,0.5,1-1,0.5,1-2,0.3333,1-2,0.3333,2308.12,135.77,2326.02,136.82,2754.02,162.0,0.8381,520.56,803.1,298.0,686.46,0.2255,0.3479,0.1291,0.2974,52.7,52.5,45.9,0,0,2,2,1,2,1,2,7,0,2,5,0,0,1.94,0.76,4,7,6,2,4,9,7,3,2,2,1,1,1,2,1,2,1,1,17,19,0,3,4,78.3,77.8,26.4371,24.28411764705882,41.2,5,3,137,50,56,41,8,6,2,2,0,0,10.0,18.7,46.7,16.7,8.0,0,0,10,0.3525,3,0,0,1,1,75,0,50,0,891.804,401.024,-0.4482,1.5,0.2174,0,4,4,8,23,0.0,12,0,2,10,1,0,1,13,,1.9,-0.02210000000000001
JacobRosenzweig,2022,8th,0.1765,3-12,0.2,0.3025,0.126,3-14,-0.5,11.0,-353.9,-20.82,1-8,0.1111,2-6,0.25,0-3,0.0,1-2,0.3333,1-2,0.3333,1-1,0.5,,,0-3,0.0,0-2,0.0,1-2,0.3333,0-2,0.0,0-2,0.0,2017.64,118.68,2371.54,139.5,2616.36,153.9,0.7712,558.24,819.5,179.9,460.0,0.2767,0.4062,0.0892,0.228,52.7,45.5,52.4,0,0,0,4,0,0,1,3,4,1,1,9,0,0,2.12,0.76,3,9,4,3,5,13,7,4,2,3,1,1,1,2,1,3,1,1,17,20,13,2,5,66.7,46.7,25.8359,23.79294117647059,34.08,21,0,140,55,41,27,4,2,0,0,0,0,7.3,9.9,53.6,19.2,9.9,3,0,6,0.4419,3,0,0,1,0,86,0,45,0,1015.557,475.3952,-3.3095,1.8667,0.2083,1,5,6,7,13,6.0,15,1,7,7,1,2,3,18,2.0,1.78,-0.1764
JacobRosenzweig,2023,7th,0.2941,3-12,0.2,0.3109,0.0168,5-12,-0.0,11.0,-295.16,-17.36,1-8,0.1111,4-4,0.5,1-1,0.5,0-0,0.0,1-2,0.3333,1-2,0.3333,,,1-1,0.5,0-3,0.0,0-2,0.0,0-2,0.0,2-0,1.0,2020.02,118.82,2315.18,136.19,2683.58,157.86,0.7527,501.64,663.48,269.0,585.9,0.2483,0.3285,0.1332,0.29,46.2,54.7,41.3,0,0,0,4,1,1,0,5,6,5,2,2,0,0,2.29,0.88,5,7,4,2,5,17,7,3,1,2,1,1,1,1,1,2,1,1,17,24,0,2,7,48.1,33.3,25.2894,23.171764705882353,39.1,14,2,199,59,53,27,10,8,2,2,0,0,9.2,9.2,53.6,11.8,16.3,4,0,3,0.5267,0,1,0,0,1,54,0,37,0,664.994,308.0247,0.019,2.0333,0.24,1,5,9,10,11,8.0,9,0,4,5,3,5,8,17,0.0,2.51,0.11759999999999998
JacobRosenzweig,2024,8th,0.2353,3-12,0.2,0.2353,0.0,4-13,-0.0,10.0,-328.02,-19.3,0-8,0.0,4-5,0.4444,0-2,0.0,0-0,0.0,0-3,0.0,0-2,0.0,,,2-1,0.6667,2-1,0.6667,0-2,0.0,0-2,0.0,0-2,0.0,2219.74,130.57,2547.76,149.87,2705.44,159.14,0.8205,568.04,1016.6,151.7,483.4,0.2559,0.458,0.0683,0.2178,49.0,50.4,46.7,1,1,0,6,1,1,3,1,3,3,0,4,0,0,3.06,0.53,5,11,5,2,5,16,6,2,2,3,1,1,1,1,2,2,1,1,19,22,2,4,4,50.0,36.8,25.5241,23.478823529411763,38.5,35,2,202,68,36,28,5,5,2,2,0,0,5.3,11.2,51.8,18.8,12.9,5,1,2,0.565,1,0,0,0,1,83,0,43,0,809.888,384.6504,-0.1819,0.4524,,1,3,11,14,14,3.0,11,3,0,8,7,2,9,20,61.0,2.64,-0.05879999999999996
JacobRosenzweig,2025,6th,0.3529,5-10,0.3333,0.479,0.1261,6-11,-1.0,13.0,-137.28,-8.08,2-6,0.25,4-5,0.4444,0-2,0.0,2-2,0.5,1-1,0.5,1-1,0.5,,,2-1,0.6667,2-2,0.5,0-2,0.0,0-2,0.0,0-2,0.0,2512.0,147.76,2649.28,155.84,3083.74,181.4,0.8146,553.94,1065.7,190.8,701.56,0.2205,0.4242,0.076,0.2793,57.6,50.3,40.2,0,0,0,0,2,0,2,2,8,0,0,2,0,0,2.18,1.06,4,7,5,3,8,12,7,7,2,3,1,3,1,1,1,2,1,1,14,23,7,3,6,44.8,26.3,25.4412,23.766470588235297,33.1,33,2,192,55,63,42,11,9,0,0,0,0,10.0,11.2,51.2,22.4,5.3,6,0,0,0.3458,4,1,1,1,1,84,0,58,0,733.008,365.4064,-1.5816,0.9762,,2,5,10,8,20,7.0,13,3,1,9,6,6,12,25,3.0,2.0,0.11759999999999998
JacobRosenzweig,2026,,1.0,2-0,1.0,0.5,-0.5,2-0,2.0,0.0,105.6,52.8,,,,,,,,,0-0,0.0,0-0,0.0,,,1-0,1.0,0-0,0.0,1-0,1.0,0-0,0.0,0-0,0.0,299.92,149.96,194.32,97.16,394.06,197.03,0.7611,69.62,119.2,27.0,84.1,0.2321,0.3974,0.09,0.2804,,40.5,44.8,0,0,0,0,0,0,0,0,1,0,0,0,,1,2.5,4.0,2,5,3,1,8,10,7,5,2,3,1,3,1,2,1,2,1,2,9,20,2,1,5,50.0,31.6,25.2,23.49,41.7,6,0,32,8,9,6,3,2,1,1,0,0,15.0,20.0,30.0,20.0,15.0,1,0,0,0.3054,0,0,0,0,0,6,0,0,0,3.32,0.0,0.3232,0.6679,,2,4,8,2,15,0.0,4,0,0,4,3,1,4,8,0.0,2.19,0.6471
LWebs53,2020,3rd,0.625,9-5,0.6429,0.6429,0.0179,10-6,-1.0,0.0,136.96,8.56,3-5,0.375,7-1,0.875,0-3,0.0,2-0,1.0,1-1,0.5,2-0,1.0,2-0,1.0,,,2-0,1.0,1-2,0.3333,0-3,0.0,2-0,1.0,2428.08,151.75,2291.12,143.19,2936.98,183.56,0.8267,599.72,969.8,316.06,542.5,0.247,0.3994,0.1302,0.2234,54.9,53.6,35.9,2,1,4,0,5,1,1,1,10,1,5,1,In Progress,In Progress,3.27,2.4,7,8,16,2,9,11,25,5,3,5,1,2,1,2,1,2,1,1,21,25,23,0,3,57.1,62.5,27.5238,24.985625,38.9,7,0,92,36,69,49,13,12,4,4,0,0,16.7,16.7,47.2,11.8,7.6,8,3,12,-0.1203,0,0,0,0,2,40,0,37,0,708.472,262.104,-0.7558,0.0,0.1579,0,0,,12,,16.0,55,8,41,6,1,3,4,59,,0.55,
LWebs53,2021,2nd,0.6471,10-5,0.6667,0.6807,0.0336,11-6,-0.0,0.0,294.5,17.32,5-4,0.5556,6-2,0.75,2-1,0.6667,1-1,0.5,1-1,0.5,2-0,1.0,2-0,1.0,,,1-1,0.5,2-2,0.5,1-1,0.5,2-1,0.6667,2713.92,159.64,2419.42,142.32,3120.76,183.57,0.8696,674.42,1058.4,285.0,691.1,0.249,0.3907,0.1052,0.2551,46.6,46.2,26.4,0,0,5,1,2,4,3,1,13,0,4,1,In Progress,In Progress,2.71,3.47,5,5,9,4,8,21,27,8,3,6,1,2,1,3,1,2,1,1,14,29,41,0,4,44.0,45.5,28.4318,27.884117647058822,36.34,12,0,121,27,71,53,18,15,2,2,0,0,13.7,26.8,43.8,10.5,5.2,13,3,9,-0.2498,1,0,1,0,2,79,0,38,0,932.694,329.9584,-0.0122,0.6111,0.0,0,2,4,4,20,22.0,84,16,62,6,1,4,5,89,,0.51,0.02210000000000001
LWebs53,2022,Champion,0.8235,12-3,0.8,0.6891,-0.1344,14-3,-0.0,0.0,425.18,25.01,5-3,0.625,9-0,1.0,0-0,0.0,2-0,1.0,2-0,1.0,1-1,0.5,3-0,1.0,,,2-1,0.6667,2-0,1.0,2-0,1.0,2-1,0.6667,2545.16,149.72,2119.98,124.7,3027.1,178.06,0.8408,537.6,1037.06,319.3,646.2,0.2116,0.4083,0.1257,0.2544,48.4,59.7,33.7,0,0,5,0,3,6,2,2,13,2,3,1,In Progress,In Progress,2.94,3.41,7,9,11,2,9,22,25,5,4,6,1,2,2,3,2,2,1,1,16,27,15,1,7,25.0,26.3,27.9388,27.008823529411764,51.0,26,1,166,35,64,49,20,17,3,2,1,1,15.7,16.3,46.4,11.8,9.8,9,3,3,-0.1648,0,1,0,0,1,40,0,15,0,299.1,146.388,3.0139,0.3333,0.0,0,3,2,10,19,20.0,89,14,58,17,5,4,9,98,91.0,0.9,0.1764
LWebs53,2023,Champion,0.7059,10-5,0.6667,0.6975,-0.0084,12-5,-1.0,0.0,178.88,10.52,7-1,0.875,5-4,0.5556,0-0,0.0,1-1,0.5,1-1,0.5,2-0,1.0,1-1,0.5,,,2-0,1.0,3-0,1.0,2-1,0.6667,1-2,0.3333,2465.28,145.02,2286.4,134.49,3070.76,180.63,0.8028,526.54,1096.76,231.7,605.28,0.214,0.4458,0.0942,0.246,52.5,45.1,30.7,1,0,3,1,4,2,3,1,13,3,5,3,4,4,2.88,3.24,4,8,9,3,12,19,21,7,3,4,1,2,1,2,2,2,1,2,15,27,33,1,7,14.8,9.5,27.0776,26.936470588235295,42.46,10,0,163,39,71,43,11,9,3,3,0,0,11.8,16.3,51.0,16.3,4.6,7,1,4,-0.1404,2,1,0,2,0,61,0,33,0,761.192,373.6248,-1.2034,0.2778,0.037,0,2,8,10,23,20.0,86,12,53,21,6,7,13,99,117.0,0.76,-0.11760000000000004
LWebs53,2024,6th,0.4118,7-8,0.4667,0.3361,-0.0757,7-10,-0.0,15.0,-224.5,-13.21,4-5,0.4444,3-5,0.375,2-0,1.0,1-2,0.3333,1-1,0.5,1-1,0.5,1-2,0.3333,,,1-2,0.3333,1-1,0.5,0-3,0.0,2-0,1.0,2305.42,135.61,2529.92,148.82,2902.7,170.75,0.7942,601.82,1032.6,219.8,451.2,0.261,0.4479,0.0953,0.1957,56.0,50.2,39.2,0,1,0,2,3,1,1,1,5,0,0,6,0,0,2.88,3.12,4,11,8,4,8,33,14,7,3,4,1,2,1,2,2,3,1,1,17,26,10,3,10,12.9,0.0,26.2371,24.568823529411766,32.5,35,2,225,64,54,39,7,6,1,0,0,0,8.2,14.1,46.5,14.1,17.1,12,1,1,0.3929,4,1,2,1,0,98,0,81,0,1154.34,616.2256,-2.4382,0.8111,,2,3,11,10,33,21.0,52,32,10,10,11,6,17,69,84.0,2.12,-0.2941
LWebs53,2025,7th,0.2941,4-11,0.2667,0.2689,-0.0252,5-12,-0.0,11.0,-328.14,-19.3,0-9,0.0,5-3,0.625,0-3,0.0,1-1,0.5,0-2,0.0,0-2,0.0,1-2,0.3333,,,1-1,0.5,3-0,1.0,0-3,0.0,0-2,0.0,2127.38,125.14,2455.52,144.44,2618.4,154.02,0.8125,510.38,767.2,377.2,472.6,0.2399,0.3606,0.1773,0.2222,58.5,39.2,42.5,0,1,0,3,2,1,1,0,1,2,1,4,0,0,2.76,2.12,6,8,6,6,8,25,10,7,2,4,1,1,1,2,2,2,1,1,19,26,12,4,13,18.8,5.9,25.7147,23.74235294117647,44.3,53,3,273,75,38,28,4,3,1,1,0,0,4.8,12.5,52.4,18.5,11.9,10,5,1,0.5485,3,0,0,1,0,89,0,38,0,773.43,401.8964,0.287,0.5595,,1,3,12,12,27,16.0,38,23,2,13,10,5,15,53,91.0,2.36,-0.11770000000000003
LWebs53,2026,,0.0,0-2,0.0,0.0714,0.0714,0-2,-0.0,2.0,-135.56,-67.78,,,,,,,,,0-0,0.0,0-0,0.0,0-1,0.0,,,0-0,0.0,0-0,0.0,0-1,0.0,0-0,0.0,198.76,99.38,334.32,167.16,247.3,123.65,0.8037,63.66,67.8,24.7,42.6,0.3203,0.3411,0.1243,0.2143,,39.1,39.4,0,0,0,1,0,0,0,0,0,1,0,0,,0,3.0,10.0,2,5,2,1,5,19,5,4,2,3,1,1,1,1,1,2,1,1,9,21,2,1,15,46.9,20.0,24.275,22.884999999999998,24.7,8,0,41,13,2,1,0,0,0,0,0,0,0.0,5.0,45.0,40.0,10.0,0,0,0,0.9513,0,0,0,0,0,9,0,0,0,24.12,0.0,0.1971,2.7734,,1,12,12,0,35,3.0,13,5,0,8,9,0,9,22,88.0,2.76,-0.2941
Oliverwkw,2020,2nd,0.625,9-5,0.6429,0.5982,-0.0268,10-6,1.0,0.0,89.84,5.62,3-5,0.375,7-1,0.875,1-2,0.3333,2-0,1.0,1-1,0.5,2-0,1.0,2-0,1.0,0-2,0.0,,,2-1,0.6667,1-2,0.3333,2-0,1.0,2369.72,148.11,2279.88,142.49,2740.64,171.29,0.8647,698.28,779.12,230.82,661.5,0.2947,0.3288,0.0974,0.2791,51.9,47.9,47.6,0,0,3,1,2,2,3,2,10,0,3,7,In Progress,In Progress,2.4,1.27,3,8,8,5,3,15,14,6,2,2,1,1,1,2,1,1,1,1,16,21,9,5,8,57.1,58.3,25.2562,23.389375,40.1,5,2,106,37,58,48,11,10,1,1,0,0,13.9,16.7,45.8,14.6,9.0,7,4,12,0.2038,2,1,0,1,0,52,0,41,0,785.102,401.2908,-0.7786,0.0,0.3158,0,0,,6,,16.0,18,1,15,2,0,3,3,21,,1.9,
Oliverwkw,2021,4th,0.5882,10-5,0.6667,0.605,0.0168,10-7,-0.0,0.0,174.66,10.27,4-4,0.5,6-3,0.6667,1-2,0.3333,2-0,1.0,1-1,0.5,2-1,0.6667,1-1,0.5,1-1,0.5,,,2-1,0.6667,2-0,1.0,1-2,0.3333,2577.12,151.6,2402.46,141.32,2971.06,174.77,0.8674,692.72,1017.2,216.5,645.7,0.2693,0.3955,0.0842,0.251,51.2,55.3,36.3,2,1,2,0,2,3,4,2,11,3,1,0,In Progress,In Progress,2.35,1.71,4,9,10,3,8,13,17,5,3,4,1,1,1,2,1,1,1,1,16,22,5,3,5,56.0,50.0,25.8988,23.89294117647059,41.02,13,1,156,42,65,54,17,17,1,1,0,0,15.7,17.0,43.8,19.0,4.6,12,5,8,0.2316,2,0,1,0,1,66,0,51,0,895.864,554.5672,-0.7943,0.5,0.1304,1,4,4,6,16,12.0,29,3,18,8,0,4,4,33,,2.01,-0.036800000000000055
Oliverwkw,2022,3rd,0.5882,9-6,0.6,0.6387,0.0505,10-7,-0.5,0.0,145.7,8.57,3-6,0.3333,7-1,0.875,1-2,0.3333,2-0,1.0,2-0,1.0,1-3,0.25,2-0,1.0,1-2,0.3333,,,2-0,1.0,1-1,0.5,1-1,0.5,2428.8,142.87,2283.1,134.3,2839.86,167.05,0.8553,531.34,743.6,195.8,958.06,0.2188,0.3062,0.0806,0.3945,46.0,49.1,37.4,1,0,5,1,2,5,4,2,11,2,2,6,In Progress,In Progress,2.24,1.82,4,10,5,4,8,18,13,5,3,4,1,2,1,2,2,2,1,1,16,23,25,4,6,44.0,44.4,26.4329,24.58764705882353,33.8,18,2,152,45,55,46,11,10,0,0,0,0,11.2,15.8,50.7,15.8,6.6,5,2,7,0.1331,1,1,1,1,0,71,0,34,0,700.6187,326.0596,0.263,0.5333,0.04,1,3,6,6,20,18.0,34,12,10,12,3,5,8,42,58.0,1.46,0.0
Oliverwkw,2023,3rd,0.7059,11-4,0.7333,0.6303,-0.0756,12-5,1.5,0.0,274.6,16.15,3-5,0.375,9-0,1.0,0-2,0.0,3-0,1.0,2-0,1.0,2-0,1.0,3-0,1.0,0-2,0.0,,,1-2,0.3333,2-1,0.6667,2-0,1.0,2384.42,140.26,2109.82,124.11,2886.2,169.78,0.8261,586.56,791.76,231.5,769.6,0.2465,0.3328,0.0973,0.3234,64.1,54.0,30.2,0,0,2,1,3,1,3,1,12,1,1,4,4,4,2.06,1.94,5,9,6,3,8,15,17,6,3,4,1,2,1,2,1,2,1,2,15,21,41,2,7,46.4,38.9,26.2888,24.253529411764706,46.8,20,0,201,46,64,51,4,3,3,2,1,0,9.2,24.2,42.5,14.4,9.8,8,1,6,0.2066,2,0,1,1,2,64,0,39,0,741.5463,466.3729,-0.5869,1.1944,0.1481,0,6,4,14,18,13.0,42,11,16,15,3,11,14,56,71.0,1.76,0.11770000000000003
Oliverwkw,2024,7th,0.2941,3-12,0.2,0.3277,0.0336,5-12,-0.0,10.0,-195.04,-11.47,1-7,0.125,4-5,0.4444,0-2,0.0,1-2,0.3333,1-2,0.3333,0-2,0.0,1-2,0.3333,2-1,0.6667,,,1-1,0.5,0-2,0.0,0-2,0.0,2341.84,137.76,2536.88,149.23,2841.62,167.15,0.8241,559.54,733.4,126.2,922.7,0.2389,0.3132,0.0539,0.394,47.6,41.8,44.0,1,0,1,6,1,2,3,2,5,1,0,4,0,0,3.24,1.76,4,10,7,3,7,15,13,7,2,4,1,1,1,2,2,2,1,2,19,23,1,3,17,51.6,11.1,24.2294,23.08058823529412,39.3,59,4,257,61,52,42,6,6,0,0,0,0,8.2,14.7,48.8,10.6,17.6,5,0,1,0.5748,1,0,1,1,0,81,0,40,0,619.457,340.232,0.1844,2.8567,,0,12,13,10,33,16.0,15,7,1,7,10,7,17,32,58.0,2.58,-0.4118
Oliverwkw,2025,8th,0.2941,3-12,0.2,0.4202,0.1261,5-12,-2.0,11.0,-176.58,-10.39,0-8,0.0,5-4,0.5556,0-2,0.0,0-0,0.0,0-2,0.0,0-2,0.0,2-2,0.5,1-1,0.5,,,2-1,0.6667,0-2,0.0,0-2,0.0,2330.98,137.12,2507.56,147.5,2913.62,171.39,0.8,546.28,771.4,154.2,859.1,0.2344,0.3309,0.0662,0.3686,45.2,45.8,34.6,0,0,1,2,0,2,2,2,6,3,1,7,0,0,3.12,1.88,5,9,8,4,9,16,13,7,2,4,1,2,1,2,2,2,1,1,19,22,14,5,11,53.3,41.7,24.6894,23.230588235294118,38.96,26,5,222,63,48,30,7,7,1,1,0,0,10.0,8.2,56.5,11.2,14.1,6,2,1,0.4782,2,0,0,1,0,91,9,48,9,931.098,512.6408,-1.6264,1.1944,,4,6,6,6,21,12.0,30,19,0,11,8,6,14,44,92.0,1.93,0.0
Oliverwkw,2026,,0.0,0-2,0.0,0.2857,0.2857,0-2,-0.0,2.0,-86.04,-43.02,,,,,,,,,0-0,0.0,0-1,0.0,0-0,0.0,0-0,0.0,,,0-0,0.0,0-0,0.0,0-1,0.0,279.54,139.77,365.58,182.79,327.2,163.6,0.8543,67.14,104.8,12.4,95.2,0.2402,0.3749,0.0444,0.3406,,46.1,38.7,0,0,0,0,0,0,1,0,0,0,0,0,,0,4.5,8.5,2,5,5,2,9,9,11,4,1,4,1,4,1,3,1,1,1,2,13,21,0,0,4,40.6,36.4,25.36,24.2,22.56,8,0,34,5,5,4,0,0,0,0,0,0,0.0,15.0,75.0,5.0,5.0,2,0,0,0.352,0,0,0,0,0,10,0,8,0,117.636,57.5656,-0.5528,0.4444,,2,2,10,8,30,2.0,16,7,1,8,10,0,10,26,52.0,1.28,-0.2941
plehv79,2020,4th,0.5625,9-5,0.6429,0.6071,0.0446,9-7,0.5,0.0,110.16,6.89,4-4,0.5,5-3,0.625,1-1,0.5,2-0,1.0,2-0,1.0,0-2,0.0,1-1,0.5,2-1,0.6667,1-2,0.3333,,,1-1,0.5,2-0,1.0,2411.06,150.69,2300.9,143.81,2785.16,174.07,0.8657,710.04,1107.62,122.1,466.3,0.2951,0.4603,0.0507,0.1938,53.0,46.6,46.1,1,0,4,2,1,4,1,2,10,1,2,1,In Progress,1,2.2,0.93,3,8,5,4,5,12,11,4,2,4,1,1,1,1,1,2,1,1,15,22,17,4,9,66.7,77.8,23.8481,22.48625,53.4,15,3,121,39,67,50,13,12,3,2,1,1,12.7,20.4,50.0,9.2,7.7,2,1,14,0.2002,0,0,0,0,0,40,0,21,0,366.11,211.46,1.0043,0.0,0.2105,0,0,,8,,12.0,11,0,10,1,0,3,3,14,,1.65,
plehv79,2021,3rd,0.4706,7-8,0.4667,0.4874,0.0168,8-9,-0.0,0.0,-21.98,-1.29,3-6,0.3333,5-3,0.625,0-2,0.0,2-0,1.0,1-1,0.5,1-1,0.5,1-1,0.5,2-2,0.5,1-2,0.3333,,,2-0,1.0,0-2,0.0,2340.84,137.7,2362.82,138.99,2858.04,168.12,0.819,618.04,951.9,195.8,575.1,0.264,0.4066,0.0836,0.2457,48.5,54.8,51.7,0,0,1,1,2,1,0,1,8,2,2,0,2,0,1.82,0.59,3,8,4,2,4,13,5,2,3,3,1,1,1,1,1,1,1,1,13,19,27,0,1,62.5,66.7,25.4606,23.693529411764708,46.3,14,3,134,49,57,43,14,13,2,2,1,1,13.3,11.3,50.7,16.0,8.7,2,0,12,0.305,4,1,0,3,2,75,0,56,0,1224.5427,673.5384,-2.4305,0.5,0.2083,0,3,8,8,17,0.0,7,0,2,5,2,0,2,9,,1.9,-0.09189999999999998
plehv79,2022,7th,0.2353,3-12,0.2,0.2941,0.0588,4-13,-0.0,11.0,-277.42,-16.32,0-8,0.0,4-5,0.4444,0-2,0.0,0-0,0.0,0-2,0.0,0-2,0.0,2-1,0.6667,0-2,0.0,0-2,0.0,,,2-2,0.5,0-2,0.0,1964.42,115.55,2241.84,131.87,2493.04,146.65,0.788,485.72,1018.1,188.6,272.0,0.2473,0.5183,0.096,0.1385,56.5,46.7,42.8,0,0,0,5,0,0,3,2,3,5,2,2,0,0,2.71,2.18,3,12,9,4,5,18,17,6,3,4,1,2,1,2,2,2,1,1,18,23,2,8,15,32.0,30.8,24.7024,23.07764705882353,34.14,33,5,184,55,38,27,8,7,0,0,0,0,9.0,10.3,55.2,10.3,15.2,5,2,4,0.5843,4,0,0,2,0,59,10,33,10,766.048,499.256,-2.0987,1.0536,0.0833,0,5,8,12,22,23.0,31,7,14,10,5,8,13,44,41.0,2.91,-0.2353
plehv79,2023,2nd,0.5882,9-6,0.6,0.521,-0.0672,10-7,1.0,0.0,63.28,3.72,3-5,0.375,7-2,0.7778,0-3,0.0,2-0,1.0,2-0,1.0,1-2,0.3333,2-0,1.0,0-3,0.0,2-1,0.6667,,,1-1,0.5,2-0,1.0,2270.9,133.58,2207.62,129.86,2744.92,161.47,0.8273,635.5,847.3,188.5,599.6,0.2798,0.3731,0.083,0.264,55.6,46.5,36.4,0,0,2,2,4,2,2,0,9,0,0,5,In Progress,1,1.94,1.53,4,6,5,4,4,11,17,5,2,3,1,1,1,2,2,2,1,1,13,22,12,2,8,32.1,21.1,25.9353,24.671176470588232,33.58,15,2,192,42,47,33,9,7,1,0,0,0,8.5,11.8,58.8,13.7,7.2,4,0,4,0.2564,3,0,1,1,1,68,0,42,0,764.176,312.0904,-0.227,1.2095,0.0769,2,5,12,4,23,12.0,18,5,3,10,10,4,14,32,125.0,0.99,0.35289999999999994
plehv79,2024,4th,0.4706,8-7,0.5333,0.5798,0.1092,8-9,1.0,0.0,-1.82,-0.11,3-6,0.3333,5-3,0.625,0-3,0.0,2-0,1.0,1-1,0.5,1-3,0.25,2-0,1.0,1-1,0.5,1-1,0.5,,,2-0,1.0,0-3,0.0,2612.86,153.7,2614.68,153.8,3158.2,185.78,0.8273,705.66,943.2,188.5,775.5,0.2701,0.361,0.0721,0.2968,50.5,51.1,39.6,1,1,1,0,3,3,4,1,11,2,1,7,2,0,2.41,1.12,4,9,6,3,5,11,17,6,2,3,1,1,1,2,1,1,1,1,14,23,15,2,7,35.5,21.1,26.4671,25.505294117647058,37.2,23,4,198,47,60,45,8,7,1,1,0,0,5.9,21.3,52.1,14.2,6.5,6,1,4,0.0857,2,0,1,2,1,102,0,55,0,914.212,520.1303,-1.4951,0.5111,,0,3,7,6,18,13.0,23,11,3,9,6,2,8,31,96.0,1.28,-0.11759999999999993
plehv79,2025,5th,0.3529,6-9,0.4,0.1429,-0.21,6-11,3.0,14.0,-516.88,-30.4,3-6,0.3333,3-5,0.375,2-0,1.0,1-2,0.3333,0-2,0.0,0-3,0.0,2-0,1.0,0-3,0.0,1-2,0.3333,,,2-0,1.0,1-1,0.5,1862.14,109.54,2379.02,139.94,2312.36,136.02,0.8053,584.64,715.6,280.7,281.2,0.314,0.3843,0.1507,0.151,50.7,43.8,52.0,0,2,0,7,3,0,1,3,1,6,0,3,0,0,2.41,1.88,3,10,7,6,3,15,12,10,3,6,1,1,1,2,2,4,1,1,17,22,35,11,18,16.1,10.0,24.0994,22.572352941176472,31.9,74,5,293,79,28,23,3,2,0,0,0,0,3.6,10.1,44.4,18.3,23.7,6,2,1,0.9102,0,0,1,0,3,84,0,67,0,609.064,419.028,3.5288,1.5012,,1,6,14,10,43,17.0,29,20,1,8,15,6,21,50,258.0,3.64,-0.11770000000000003
plehv79,2026,,0.0,0-2,0.0,0.0714,0.0714,0-2,-0.0,2.0,-85.86,-42.93,,,,,,,,,0-0,0.0,0-0,0.0,0-1,0.0,0-0,0.0,0-0,0.0,,,0-1,0.0,0-0,0.0,226.08,113.04,311.94,155.97,265.1,132.55,0.8528,68.78,102.3,10.5,44.5,0.3042,0.4525,0.0464,0.1968,,38.2,38.3,0,0,0,1,0,0,1,0,0,1,0,1,,0,3.0,6.0,2,5,2,2,2,10,10,9,2,4,1,1,1,1,1,2,1,2,10,21,2,2,8,29.0,15.4,24.54,22.95,33.8,13,1,39,11,3,3,1,1,0,0,0,0,5.0,5.0,45.0,20.0,25.0,0,0,1,0.9463,0,0,0,0,0,11,0,3,0,37.34,17.728,0.1248,1.7778,,2,5,10,2,24,0.0,8,5,0,3,5,0,5,13,43.0,3.44,-0.3529
shmuel256,2020,Champion,0.75,10-4,0.7143,0.6429,-0.1071,12-4,0.5,0.0,358.34,22.4,6-2,0.75,6-2,0.75,0-0,0.0,2-0,1.0,1-1,0.5,2-0,1.0,1-1,0.5,3-0,1.0,2-1,0.6667,1-1,0.5,,,2-0,1.0,2501.88,156.37,2143.54,133.97,2944.18,184.01,0.8498,581.38,855.2,257.4,802.9,0.2328,0.3425,0.1031,0.3216,41.3,57.1,37.3,0,0,2,0,2,2,2,1,11,2,4,0,1,1,2.33,2.27,6,9,8,2,6,23,17,3,2,3,1,1,1,2,1,2,1,1,18,25,1,3,8,38.1,50.0,26.1288,23.89,48.3,1,0,114,28,65,49,15,11,4,3,1,1,14.1,19.7,54.9,8.5,2.8,3,0,7,0.1011,0,0,0,0,1,21,0,10,0,242.9,62.652,2.6214,0.0,0.0952,0,0,,8,,26.0,38,4,24,10,0,6,6,44,,2.17,
shmuel256,2021,5th,0.4118,5-10,0.3333,0.4286,0.0168,7-10,-2.0,14.0,-102.94,-6.06,2-6,0.25,5-4,0.5556,1-1,0.5,0-0,0.0,2-2,0.5,1-1,0.5,2-1,0.6667,1-1,0.5,0-2,0.0,0-2,0.0,,,1-1,0.5,2272.36,133.67,2375.3,139.72,2724.4,160.26,0.8341,418.66,1072.6,183.3,597.8,0.1842,0.472,0.0807,0.2631,50.8,55.3,40.7,0,1,1,2,2,0,2,3,7,1,5,2,0,0,2.41,1.88,6,8,9,2,7,18,17,3,5,5,1,1,1,2,2,2,1,1,20,27,11,8,9,28.0,33.3,25.0512,22.454705882352943,33.74,16,0,161,48,52,39,8,5,0,0,0,0,7.8,17.0,51.0,13.1,11.1,6,3,3,0.6088,1,0,0,0,1,61,0,33,0,744.12,310.2616,1.1372,0.7817,0.125,2,5,4,12,15,27.0,25,5,13,7,2,6,8,33,,3.07,-0.3382
shmuel256,2022,5th,0.4118,6-9,0.4,0.479,0.0672,7-10,-1.5,14.0,-4.32,-0.25,2-6,0.25,5-4,0.5556,0-2,0.0,2-2,0.5,1-2,0.3333,1-1,0.5,2-0,1.0,0-2,0.0,1-1,0.5,2-2,0.5,,,0-2,0.0,2253.24,132.54,2257.56,132.8,2829.04,166.41,0.7965,420.94,1007.2,201.5,623.6,0.1868,0.447,0.0894,0.2768,49.9,51.4,38.4,0,1,2,3,2,3,2,2,9,1,2,3,0,0,2.76,1.24,5,9,9,3,7,16,10,4,2,3,1,1,1,1,1,2,1,1,18,21,12,4,7,28.0,6.7,25.9206,23.131176470588237,44.2,11,0,149,53,50,36,15,12,3,2,0,0,11.1,12.4,50.3,15.0,11.1,3,0,1,0.338,1,0,0,1,0,57,16,38,16,841.128,405.3904,-1.9998,0.8444,0.2,1,4,6,14,16,18.0,15,2,3,10,6,10,16,31,30.0,2.17,0.0
shmuel256,2023,4th,0.5882,10-5,0.6667,0.5294,-0.0588,10-7,-0.5,0.0,127.34,7.49,3-5,0.375,7-2,0.7778,1-2,0.3333,2-0,1.0,2-1,0.6667,2-0,1.0,2-0,1.0,1-2,0.3333,1-2,0.3333,1-1,0.5,,,1-1,0.5,2306.2,135.66,2178.86,128.17,3054.66,179.69,0.755,531.4,969.7,222.9,582.2,0.2304,0.4205,0.0967,0.2524,45.2,47.4,40.8,0,1,3,0,2,3,2,3,7,2,7,5,In Progress,In Progress,2.71,2.0,8,7,9,3,13,17,15,5,3,5,1,3,1,2,1,2,1,1,16,22,21,1,8,11.1,5.6,27.1512,24.03705882352941,35.0,8,3,157,48,72,40,15,8,1,1,0,0,10.5,14.4,45.1,19.0,11.1,3,0,2,0.2649,3,0,1,3,1,72,3,63,3,1061.652,618.2864,-3.6667,0.5833,0.2857,0,2,8,12,15,21.0,23,9,8,6,9,13,22,45,112.0,2.74,0.17639999999999995
shmuel256,2024,2nd,0.7059,11-4,0.7333,0.6639,-0.042,12-5,-0.5,0.0,179.96,10.59,3-5,0.375,9-0,1.0,0-3,0.0,2-0,1.0,2-0,1.0,3-0,1.0,2-0,1.0,3-0,1.0,2-0,1.0,0-2,0.0,,,0-3,0.0,2690.94,158.29,2510.98,147.7,3443.76,202.57,0.7814,511.96,1104.38,245.6,824.0,0.1906,0.4112,0.0914,0.3068,55.7,48.5,33.0,1,0,2,0,4,2,1,4,13,0,7,5,In Progress,In Progress,2.65,1.59,5,10,5,4,7,16,16,6,4,7,1,1,1,3,2,3,1,1,16,22,10,0,6,13.3,8.0,28.2394,26.09941176470588,37.36,16,1,185,44,80,49,11,7,4,2,0,0,8.8,19.4,47.6,16.5,7.6,7,0,1,0.0094,4,1,0,1,0,83,0,51,0,1178.932,626.7816,-3.9586,0.25,,0,2,9,6,18,13.0,20,9,2,9,10,10,20,40,51.0,1.8,0.11770000000000003
shmuel256,2025,Champion,0.8235,12-3,0.8,0.7227,-0.1008,14-3,1.0,0.0,592.32,34.84,7-1,0.875,7-2,0.7778,0-0,0.0,2-0,1.0,2-1,0.6667,2-0,1.0,2-0,1.0,3-0,1.0,2-0,1.0,0-2,0.0,,,3-0,1.0,2847.28,167.49,2254.96,132.64,3338.8,196.4,0.8528,557.08,942.0,243.0,1100.2,0.196,0.3314,0.0855,0.3871,41.0,41.6,45.0,1,0,6,2,2,4,7,1,13,1,3,0,3,In Progress,2.29,1.76,5,10,7,5,6,19,14,7,3,6,1,1,1,3,1,2,1,2,16,21,21,2,7,15.6,9.1,27.5994,26.83058823529412,41.76,26,4,229,41,75,60,13,13,2,2,0,0,14.7,20.0,45.3,11.2,8.8,10,3,0,-0.1156,1,1,0,1,0,66,0,46,0,964.488,537.824,-0.186,0.9167,,0,3,6,10,20,12.0,25,13,3,9,13,9,22,47,109.0,1.29,0.11760000000000004
shmuel256,2026,,1.0,2-0,1.0,0.7857,-0.2143,2-0,1.5,0.0,115.82,57.91,,,,,,,,,0-0,0.0,0-0,0.0,0-0,0.0,1-0,1.0,0-0,0.0,1-0,1.0,,,0-0,0.0,346.34,173.17,230.52,115.26,405.84,202.92,0.8534,70.84,113.0,19.8,142.7,0.2045,0.3263,0.0572,0.412,,46.1,36.1,0,0,0,0,0,1,0,0,2,0,0,0,,4,2.5,7.0,2,4,4,1,7,11,10,4,3,5,1,2,1,2,1,2,1,1,7,17,5,0,6,28.1,13.6,27.715,26.159999999999997,28.3,2,0,28,4,9,7,2,2,0,0,0,0,15.0,20.0,60.0,0.0,5.0,0,0,0,-0.0701,0,0,0,0,0,9,0,2,0,62.016,20.328,-0.0237,0.8944,,0,4,8,2,22,2.0,12,3,0,9,8,0,8,20,10.0,1.41,0.1765
stevenb123,2020,8th,0.1875,3-11,0.2143,0.2321,0.0446,3-13,-0.5,11.0,-318.04,-19.88,0-8,0.0,3-5,0.375,0-2,0.0,0-0,0.0,1-2,0.3333,1-2,0.3333,1-1,0.5,0-2,0.0,0-2,0.0,0-2,0.0,0-2,0.0,,,1900.14,118.76,2218.18,138.64,2442.24,152.64,0.778,524.14,669.9,130.1,576.0,0.2758,0.3526,0.0685,0.3031,56.0,42.8,43.6,1,2,0,6,1,1,2,5,3,3,1,2,0,0,3.8,2.13,6,11,12,7,6,15,18,9,2,3,1,1,1,2,1,2,1,1,21,27,5,11,14,71.4,71.4,23.9094,22.538125,36.6,8,5,115,51,42,32,4,3,0,0,0,0,4.9,13.2,54.2,11.8,16.0,8,5,15,0.4561,3,1,0,1,1,47,0,36,0,622.164,344.092,-1.3276,0.0,0.0476,0,0,,10,,12.0,46,6,31,9,0,3,3,49,,1.81,
stevenb123,2021,Champion,0.7059,10-5,0.6667,0.6471,-0.0588,12-5,-0.0,0.0,248.56,14.62,5-3,0.625,7-2,0.7778,0-0,0.0,1-1,0.5,2-0,1.0,2-0,1.0,2-1,0.6667,1-2,0.3333,2-1,0.6667,2-0,1.0,1-1,0.5,,,2597.66,152.8,2349.1,138.18,2979.58,175.27,0.8718,682.36,839.4,186.1,889.8,0.2627,0.3231,0.0716,0.3425,44.2,40.1,31.6,1,0,3,0,4,3,3,1,13,1,3,0,In Progress,In Progress,2.12,2.71,4,7,6,3,8,24,18,5,2,4,1,2,2,3,1,2,1,1,15,27,3,3,12,48.0,44.4,24.4871,23.874117647058824,38.0,30,2,150,41,68,54,14,14,3,3,0,0,14.4,18.3,48.4,11.8,7.2,11,0,9,0.2634,3,1,0,3,1,63,0,40,0,873.428,385.276,0.1497,1.3333,0.125,2,3,6,6,17,17.0,52,4,38,10,3,3,6,58,,0.94,0.5184
stevenb123,2022,2nd,0.7647,12-3,0.8,0.5798,-0.1849,13-4,3.0,0.0,144.04,8.47,4-4,0.5,9-0,1.0,1-2,0.3333,2-0,1.0,3-0,1.0,2-1,0.6667,2-0,1.0,1-2,0.3333,1-1,0.5,2-0,1.0,2-0,1.0,,,2337.22,137.48,2193.18,129.01,2853.64,167.86,0.819,631.92,742.2,148.4,809.7,0.271,0.3182,0.0636,0.3472,55.1,54.1,40.1,0,1,3,1,5,2,1,0,11,2,3,3,2,2,2.35,1.53,4,8,8,4,5,16,10,5,3,5,1,2,1,1,1,3,1,1,16,22,2,3,7,40.0,17.6,24.8459,23.564117647058826,40.5,21,4,154,45,58,44,15,12,2,2,0,0,9.2,17.1,49.3,16.4,7.9,1,1,3,0.2404,1,0,0,1,1,63,0,35,0,508.248,359.248,1.7078,1.2679,0.12,2,6,6,12,28,14.0,26,4,18,4,11,5,16,42,110.0,1.48,0.058800000000000074
stevenb123,2023,8th,0.2941,5-10,0.3333,0.3277,0.0336,5-12,-0.5,13.0,-418.74,-24.63,3-6,0.3333,2-6,0.25,2-1,0.6667,0-2,0.0,1-2,0.3333,1-2,0.3333,0-2,0.0,2-1,0.6667,0-2,0.0,0-2,0.0,1-1,0.5,,,2018.1,118.71,2436.84,143.34,2676.76,157.46,0.7539,422.3,802.6,312.6,480.6,0.2093,0.3977,0.1549,0.2381,51.0,47.6,40.0,0,0,0,3,2,0,2,2,5,2,0,3,0,0,2.47,2.88,3,14,5,4,10,25,13,8,3,5,1,1,1,2,1,2,1,1,19,26,3,4,18,28.6,25.0,24.5035,23.32588235294118,34.8,25,2,218,65,43,25,3,2,1,1,0,0,4.6,11.2,56.6,17.1,10.5,7,1,0,0.4911,2,1,0,1,2,63,4,26,0,376.9017,108.2992,1.5378,0.7278,0.3333,2,4,14,12,28,23.0,48,9,29,10,11,12,23,71,101.0,2.21,-0.4706000000000001
stevenb123,2024,Champion,0.8235,12-3,0.8,0.6555,-0.168,14-3,3.0,0.0,334.7,19.69,7-1,0.875,7-2,0.7778,0-0,0.0,2-0,1.0,3-0,1.0,1-1,0.5,2-0,1.0,0-2,0.0,2-0,1.0,3-0,1.0,3-0,1.0,,,2676.52,157.44,2341.82,137.75,3217.74,189.28,0.8318,557.52,967.9,272.7,873.4,0.2087,0.3623,0.1021,0.3269,44.8,45.0,30.6,0,1,3,1,4,2,0,1,13,2,2,1,In Progress,In Progress,2.53,2.76,3,9,8,4,10,21,16,11,3,4,1,2,1,2,1,2,1,2,17,29,5,4,12,25.8,12.5,25.3406,23.773529411764706,35.26,32,1,202,40,60,44,7,7,0,0,0,0,11.8,12.4,56.5,10.6,8.8,10,2,0,0.2785,0,1,0,0,2,78,0,9,0,372.5447,90.372,3.7342,1.5833,,2,4,9,8,29,20.0,45,27,7,11,18,12,30,75,155.0,1.3,0.5294000000000001
stevenb123,2025,3rd,0.5294,8-7,0.5333,0.6975,0.1681,9-8,-2.5,0.0,189.06,11.12,2-7,0.2222,7-1,0.875,0-3,0.0,2-0,1.0,0-3,0.0,2-1,0.6667,2-0,1.0,2-0,1.0,2-0,1.0,1-1,0.5,0-3,0.0,,,2790.1,164.12,2601.04,153.0,3445.58,202.68,0.8098,567.88,800.92,340.1,1081.2,0.2035,0.2871,0.1219,0.3875,43.2,40.3,38.3,0,0,3,1,0,2,0,2,14,2,2,4,2,In Progress,2.59,2.18,4,10,6,2,9,16,16,8,2,4,1,1,1,3,1,2,1,2,16,26,0,4,10,34.4,22.2,25.24,24.148823529411764,51.9,38,1,219,49,72,53,19,16,4,3,1,1,14.7,15.3,47.1,15.3,7.6,6,1,0,-0.0106,2,0,0,2,0,84,0,36,0,828.904,419.0648,-1.5234,2.3901,,0,11,4,6,27,6.0,42,22,6,14,14,2,16,58,101.0,0.82,-0.29410000000000003
stevenb123,2026,,0.5,1-1,0.5,0.7857,0.2857,1-1,-2.5,0.0,42.18,21.09,,,,,,,,,0-1,0.0,0-0,0.0,0-0,0.0,0-0,0.0,1-0,1.0,0-0,0.0,0-0,0.0,,,365.26,182.63,323.08,161.54,440.56,220.28,0.8291,84.86,52.0,42.6,185.8,0.2323,0.1424,0.1166,0.5087,,39.0,40.9,0,0,1,0,0,1,0,0,2,0,0,1,,3,3.0,5.0,2,5,4,1,5,13,11,4,1,3,1,1,1,2,1,2,1,1,12,23,0,0,4,31.2,26.1,26.38,25.04,36.06,3,0,27,5,14,8,4,3,0,0,0,0,25.0,20.0,30.0,15.0,10.0,2,0,0,-0.1746,0,0,0,0,0,12,0,1,0,56.88,5.32,-0.0441,0.3095,,0,2,8,4,18,2.0,10,6,0,4,8,0,8,18,14.0,1.13,-0.02939999999999998
